"x1","x2","x3","x4","x5","x6"
2.302585092994046,2.302585092994046,4.605170185988092,3.6888794541139363,-231918.0642569576,0.0
2.302585092994046,2.302585092994046,4.605170185988092,3.6888794541139363,-231918.0642569576,0.0
2.004716315045236,1.3301861149252006,4.7769306702332885,3.4437121125149033,-227763.1124624954,1.0
1.5861788347506645,1.4344275528298316,4.761032349529809,3.675893164905629,-226330.63566360786,1.0
1.9495003293424942,1.505734009549607,4.340834346699431,3.2645489492532422,-192471.5899496611,1.0
1.805601739193938,1.9415400175042743,3.6836652042167923,4.098095979706483,-187794.8092233524,1.0
1.805601739193938,1.9415400175042743,3.6836652042167923,4.098095979706483,-187794.8092233524,0.0
2.0520655470550118,1.2447345079171785,2.6451541599254607,3.823959486217959,-175006.33265041548,1.0
2.517494283389546,0.18842174989874905,3.098618434104806,3.8408918317243654,-169957.97790284833,1.0
2.517494283389546,0.18842174989874905,3.098618434104806,3.8408918317243654,-169957.97790284833,0.0
2.517494283389546,0.18842174989874905,3.098618434104806,3.8408918317243654,-169957.97790284833,0.0
2.517494283389546,0.18842174989874905,3.098618434104806,3.8408918317243654,-169957.97790284833,0.0
2.517494283389546,0.18842174989874905,3.098618434104806,3.8408918317243654,-169957.97790284833,0.0
2.517494283389546,0.18842174989874905,3.098618434104806,3.8408918317243654,-169957.97790284833,0.0
1.7945648403279428,0.09601254196093711,3.742146640727521,3.7062247055103663,-167897.48841241366,1.0
1.7945648403279428,0.09601254196093711,3.742146640727521,3.7062247055103663,-167897.48841241366,0.0
1.7945648403279428,0.09601254196093711,3.742146640727521,3.7062247055103663,-167897.48841241366,0.0
1.7945648403279428,0.09601254196093711,3.742146640727521,3.7062247055103663,-167897.48841241366,0.0
1.7945648403279428,0.09601254196093711,3.742146640727521,3.7062247055103663,-167897.48841241366,0.0
1.7945648403279428,0.09601254196093711,3.742146640727521,3.7062247055103663,-167897.48841241366,0.0
1.7945648403279428,0.09601254196093711,3.742146640727521,3.7062247055103663,-167897.48841241366,0.0
1.7945648403279428,0.09601254196093711,3.742146640727521,3.7062247055103663,-167897.48841241366,0.0
1.7945648403279428,0.09601254196093711,3.742146640727521,3.7062247055103663,-167897.48841241366,0.0
1.6617133127431145,0.33978685115805135,3.699656075470017,3.5270536640389785,-167105.56548116705,1.0
1.6617133127431145,0.33978685115805135,3.699656075470017,3.5270536640389785,-167105.56548116705,0.0
1.6617133127431145,0.33978685115805135,3.699656075470017,3.5270536640389785,-167105.56548116705,0.0
1.6617133127431145,0.33978685115805135,3.699656075470017,3.5270536640389785,-167105.56548116705,0.0
1.6617133127431145,0.33978685115805135,3.699656075470017,3.5270536640389785,-167105.56548116705,0.0
1.6617133127431145,0.33978685115805135,3.699656075470017,3.5270536640389785,-167105.56548116705,0.0
1.6617133127431145,0.33978685115805135,3.699656075470017,3.5270536640389785,-167105.56548116705,0.0
1.6617133127431145,0.33978685115805135,3.699656075470017,3.5270536640389785,-167105.56548116705,0.0
1.6617133127431145,0.33978685115805135,3.699656075470017,3.5270536640389785,-167105.56548116705,0.0
1.6617133127431145,0.33978685115805135,3.699656075470017,3.5270536640389785,-167105.56548116705,0.0
1.1316043582235502,0.39473240125159903,2.885310199909573,3.1569813407961402,-165792.91965816147,1.0
1.1316043582235502,0.39473240125159903,2.885310199909573,3.1569813407961402,-165792.91965816147,0.0
1.1316043582235502,0.39473240125159903,2.885310199909573,3.1569813407961402,-165792.91965816147,0.0
1.1316043582235502,0.39473240125159903,2.885310199909573,3.1569813407961402,-165792.91965816147,0.0
1.1316043582235502,0.39473240125159903,2.885310199909573,3.1569813407961402,-165792.91965816147,0.0
1.1316043582235502,0.39473240125159903,2.885310199909573,3.1569813407961402,-165792.91965816147,0.0
1.1316043582235502,0.39473240125159903,2.885310199909573,3.1569813407961402,-165792.91965816147,0.0
1.1316043582235502,0.39473240125159903,2.885310199909573,3.1569813407961402,-165792.91965816147,0.0
1.1316043582235502,0.39473240125159903,2.885310199909573,3.1569813407961402,-165792.91965816147,0.0
1.1375475530262502,0.5846136687860927,2.812611851098003,2.979303231506663,-165461.38937047287,1.0
1.1375475530262502,0.5846136687860927,2.812611851098003,2.979303231506663,-165461.38937047287,0.0
1.1375475530262502,0.5846136687860927,2.812611851098003,2.979303231506663,-165461.38937047287,0.0
1.1375475530262502,0.5846136687860927,2.812611851098003,2.979303231506663,-165461.38937047287,0.0
1.1375475530262502,0.5846136687860927,2.812611851098003,2.979303231506663,-165461.38937047287,0.0
1.1375475530262502,0.5846136687860927,2.812611851098003,2.979303231506663,-165461.38937047287,0.0
1.1375475530262502,0.5846136687860927,2.812611851098003,2.979303231506663,-165461.38937047287,0.0
1.1375475530262502,0.5846136687860927,2.812611851098003,2.979303231506663,-165461.38937047287,0.0
1.1375475530262502,0.5846136687860927,2.812611851098003,2.979303231506663,-165461.38937047287,0.0
1.1375475530262502,0.5846136687860927,2.812611851098003,2.979303231506663,-165461.38937047287,0.0
1.0845134342147087,0.4540112018020127,2.9096534860760475,2.9622590589295887,-164829.82619794089,1.0
1.0845134342147087,0.4540112018020127,2.9096534860760475,2.9622590589295887,-164829.82619794089,0.0
1.0845134342147087,0.4540112018020127,2.9096534860760475,2.9622590589295887,-164829.82619794089,0.0
1.0845134342147087,0.4540112018020127,2.9096534860760475,2.9622590589295887,-164829.82619794089,0.0
1.0845134342147087,0.4540112018020127,2.9096534860760475,2.9622590589295887,-164829.82619794089,0.0
1.0845134342147087,0.4540112018020127,2.9096534860760475,2.9622590589295887,-164829.82619794089,0.0
1.0845134342147087,0.4540112018020127,2.9096534860760475,2.9622590589295887,-164829.82619794089,0.0
1.0845134342147087,0.4540112018020127,2.9096534860760475,2.9622590589295887,-164829.82619794089,0.0
1.0845134342147087,0.4540112018020127,2.9096534860760475,2.9622590589295887,-164829.82619794089,0.0
1.0845134342147087,0.4540112018020127,2.9096534860760475,2.9622590589295887,-164829.82619794089,0.0
1.0845134342147087,0.4540112018020127,2.9096534860760475,2.9622590589295887,-164829.82619794089,0.0
1.0845134342147087,0.4540112018020127,2.9096534860760475,2.9622590589295887,-164829.82619794089,0.0
1.0845134342147087,0.4540112018020127,2.9096534860760475,2.9622590589295887,-164829.82619794089,0.0
1.0845134342147087,0.4540112018020127,2.9096534860760475,2.9622590589295887,-164829.82619794089,0.0
1.0845134342147087,0.4540112018020127,2.9096534860760475,2.9622590589295887,-164829.82619794089,0.0
1.0845134342147087,0.4540112018020127,2.9096534860760475,2.9622590589295887,-164829.82619794089,0.0
1.0845134342147087,0.4540112018020127,2.9096534860760475,2.9622590589295887,-164829.82619794089,0.0
1.0845134342147087,0.4540112018020127,2.9096534860760475,2.9622590589295887,-164829.82619794089,0.0
1.0845134342147087,0.4540112018020127,2.9096534860760475,2.9622590589295887,-164829.82619794089,0.0
1.0845134342147087,0.4540112018020127,2.9096534860760475,2.9622590589295887,-164829.82619794089,0.0
1.0845134342147087,0.4540112018020127,2.9096534860760475,2.9622590589295887,-164829.82619794089,0.0
1.0845134342147087,0.4540112018020127,2.9096534860760475,2.9622590589295887,-164829.82619794089,0.0
1.0845134342147087,0.4540112018020127,2.9096534860760475,2.9622590589295887,-164829.82619794089,0.0
1.0845134342147087,0.4540112018020127,2.9096534860760475,2.9622590589295887,-164829.82619794089,0.0
1.0845134342147087,0.4540112018020127,2.9096534860760475,2.9622590589295887,-164829.82619794089,0.0
1.0845134342147087,0.4540112018020127,2.9096534860760475,2.9622590589295887,-164829.82619794089,0.0
1.0845134342147087,0.4540112018020127,2.9096534860760475,2.9622590589295887,-164829.82619794089,0.0
1.0845134342147087,0.4540112018020127,2.9096534860760475,2.9622590589295887,-164829.82619794089,0.0
1.0845134342147087,0.4540112018020127,2.9096534860760475,2.9622590589295887,-164829.82619794089,0.0
1.0845134342147087,0.4540112018020127,2.9096534860760475,2.9622590589295887,-164829.82619794089,0.0
1.0845134342147087,0.4540112018020127,2.9096534860760475,2.9622590589295887,-164829.82619794089,0.0
1.0845134342147087,0.4540112018020127,2.9096534860760475,2.9622590589295887,-164829.82619794089,0.0
1.0845134342147087,0.4540112018020127,2.9096534860760475,2.9622590589295887,-164829.82619794089,0.0
1.0845134342147087,0.4540112018020127,2.9096534860760475,2.9622590589295887,-164829.82619794089,0.0
1.0845134342147087,0.4540112018020127,2.9096534860760475,2.9622590589295887,-164829.82619794089,0.0
1.0845134342147087,0.4540112018020127,2.9096534860760475,2.9622590589295887,-164829.82619794089,0.0
1.0845134342147087,0.4540112018020127,2.9096534860760475,2.9622590589295887,-164829.82619794089,0.0
1.0845134342147087,0.4540112018020127,2.9096534860760475,2.9622590589295887,-164829.82619794089,0.0
1.0845134342147087,0.4540112018020127,2.9096534860760475,2.9622590589295887,-164829.82619794089,0.0
1.0845134342147087,0.4540112018020127,2.9096534860760475,2.9622590589295887,-164829.82619794089,0.0
1.0845134342147087,0.4540112018020127,2.9096534860760475,2.9622590589295887,-164829.82619794089,0.0
1.0845134342147087,0.4540112018020127,2.9096534860760475,2.9622590589295887,-164829.82619794089,0.0
1.1030764324168154,0.40553192044753095,2.972461890701777,2.844054465412179,-164587.2427824026,1.0
1.0764659703165107,0.36707036186453146,3.0423487289828675,2.8297779284823505,-164469.37366130902,1.0
1.0764659703165107,0.36707036186453146,3.0423487289828675,2.8297779284823505,-164469.37366130902,0.0
1.0764659703165107,0.36707036186453146,3.0423487289828675,2.8297779284823505,-164469.37366130902,0.0
0.9086621287272449,0.4921481646992323,3.0198617394122693,2.721524557078121,-164171.48797771137,1.0
0.9086621287272449,0.4921481646992323,3.0198617394122693,2.721524557078121,-164171.48797771137,0.0
0.9396940703143085,0.570480054308546,3.151334950252772,2.637825079926496,-164126.12575150127,1.0
0.9396940703143085,0.570480054308546,3.151334950252772,2.637825079926496,-164126.12575150127,0.0
0.9151465884053428,0.5461617060547503,3.0624019685972117,2.5327127129485487,-164077.55933900978,1.0
0.9635685331649126,0.5185624670450916,3.0989788147836324,2.6445655897490212,-163700.40989364227,1.0
0.9635685331649126,0.5185624670450916,3.0989788147836324,2.6445655897490212,-163700.40989364227,0.0
0.9635685331649126,0.5185624670450916,3.0989788147836324,2.6445655897490212,-163700.40989364227,0.0
0.9635685331649126,0.5185624670450916,3.0989788147836324,2.6445655897490212,-163700.40989364227,0.0
0.9635685331649126,0.5185624670450916,3.0989788147836324,2.6445655897490212,-163700.40989364227,0.0
0.9635685331649126,0.5185624670450916,3.0989788147836324,2.6445655897490212,-163700.40989364227,0.0
0.9635685331649126,0.5185624670450916,3.0989788147836324,2.6445655897490212,-163700.40989364227,0.0
0.9635685331649126,0.5185624670450916,3.0989788147836324,2.6445655897490212,-163700.40989364227,0.0
0.9635685331649126,0.5185624670450916,3.0989788147836324,2.6445655897490212,-163700.40989364227,0.0
0.9635685331649126,0.5185624670450916,3.0989788147836324,2.6445655897490212,-163700.40989364227,0.0
0.9635685331649126,0.5185624670450916,3.0989788147836324,2.6445655897490212,-163700.40989364227,0.0
0.9617865034571804,0.48997640698713735,3.1162605557074725,2.5935602413007035,-163681.05101914296,1.0
0.9617865034571804,0.48997640698713735,3.1162605557074725,2.5935602413007035,-163681.05101914296,0.0
0.9617865034571804,0.48997640698713735,3.1162605557074725,2.5935602413007035,-163681.05101914296,0.0
0.9617865034571804,0.48997640698713735,3.1162605557074725,2.5935602413007035,-163681.05101914296,0.0
0.9617865034571804,0.48997640698713735,3.1162605557074725,2.5935602413007035,-163681.05101914296,0.0
0.9617865034571804,0.48997640698713735,3.1162605557074725,2.5935602413007035,-163681.05101914296,0.0
0.9617865034571804,0.48997640698713735,3.1162605557074725,2.5935602413007035,-163681.05101914296,0.0
0.9617865034571804,0.48997640698713735,3.1162605557074725,2.5935602413007035,-163681.05101914296,0.0
0.9617865034571804,0.48997640698713735,3.1162605557074725,2.5935602413007035,-163681.05101914296,0.0
0.9617865034571804,0.48997640698713735,3.1162605557074725,2.5935602413007035,-163681.05101914296,0.0
0.9617865034571804,0.48997640698713735,3.1162605557074725,2.5935602413007035,-163681.05101914296,0.0
0.9617865034571804,0.48997640698713735,3.1162605557074725,2.5935602413007035,-163681.05101914296,0.0
0.9617865034571804,0.48997640698713735,3.1162605557074725,2.5935602413007035,-163681.05101914296,0.0
0.9617865034571804,0.48997640698713735,3.1162605557074725,2.5935602413007035,-163681.05101914296,0.0
0.9068894834548474,0.38426896374339015,3.0998224089904585,2.580539460014155,-163643.19493333728,1.0
0.9068894834548474,0.38426896374339015,3.0998224089904585,2.580539460014155,-163643.19493333728,0.0
0.9068894834548474,0.38426896374339015,3.0998224089904585,2.580539460014155,-163643.19493333728,0.0
0.9068894834548474,0.38426896374339015,3.0998224089904585,2.580539460014155,-163643.19493333728,0.0
0.9068894834548474,0.38426896374339015,3.0998224089904585,2.580539460014155,-163643.19493333728,0.0
0.9068894834548474,0.38426896374339015,3.0998224089904585,2.580539460014155,-163643.19493333728,0.0
0.9068894834548474,0.38426896374339015,3.0998224089904585,2.580539460014155,-163643.19493333728,0.0
0.9068894834548474,0.38426896374339015,3.0998224089904585,2.580539460014155,-163643.19493333728,0.0
0.9068894834548474,0.38426896374339015,3.0998224089904585,2.580539460014155,-163643.19493333728,0.0
0.9068894834548474,0.38426896374339015,3.0998224089904585,2.580539460014155,-163643.19493333728,0.0
0.9068894834548474,0.38426896374339015,3.0998224089904585,2.580539460014155,-163643.19493333728,0.0
0.862951016753065,0.4183427953615243,3.10716696177592,2.659851836801566,-163616.25191519843,1.0
0.862951016753065,0.4183427953615243,3.10716696177592,2.659851836801566,-163616.25191519843,0.0
0.862951016753065,0.4183427953615243,3.10716696177592,2.659851836801566,-163616.25191519843,0.0
0.862951016753065,0.4183427953615243,3.10716696177592,2.659851836801566,-163616.25191519843,0.0
0.862951016753065,0.4183427953615243,3.10716696177592,2.659851836801566,-163616.25191519843,0.0
0.862951016753065,0.4183427953615243,3.10716696177592,2.659851836801566,-163616.25191519843,0.0
0.862951016753065,0.4183427953615243,3.10716696177592,2.659851836801566,-163616.25191519843,0.0
0.862951016753065,0.4183427953615243,3.10716696177592,2.659851836801566,-163616.25191519843,0.0
0.862951016753065,0.4183427953615243,3.10716696177592,2.659851836801566,-163616.25191519843,0.0
0.862951016753065,0.4183427953615243,3.10716696177592,2.659851836801566,-163616.25191519843,0.0
0.862951016753065,0.4183427953615243,3.10716696177592,2.659851836801566,-163616.25191519843,0.0
0.862951016753065,0.4183427953615243,3.10716696177592,2.659851836801566,-163616.25191519843,0.0
0.862951016753065,0.4183427953615243,3.10716696177592,2.659851836801566,-163616.25191519843,0.0
0.862951016753065,0.4183427953615243,3.10716696177592,2.659851836801566,-163616.25191519843,0.0
0.862951016753065,0.4183427953615243,3.10716696177592,2.659851836801566,-163616.25191519843,0.0
0.862951016753065,0.4183427953615243,3.10716696177592,2.659851836801566,-163616.25191519843,0.0
0.862951016753065,0.4183427953615243,3.10716696177592,2.659851836801566,-163616.25191519843,0.0
0.862951016753065,0.4183427953615243,3.10716696177592,2.659851836801566,-163616.25191519843,0.0
0.862951016753065,0.4183427953615243,3.10716696177592,2.659851836801566,-163616.25191519843,0.0
0.862951016753065,0.4183427953615243,3.10716696177592,2.659851836801566,-163616.25191519843,0.0
0.862951016753065,0.4183427953615243,3.10716696177592,2.659851836801566,-163616.25191519843,0.0
0.862951016753065,0.4183427953615243,3.10716696177592,2.659851836801566,-163616.25191519843,0.0
0.862951016753065,0.4183427953615243,3.10716696177592,2.659851836801566,-163616.25191519843,0.0
0.8289910658394326,0.38696987815501543,3.10285904324437,2.6433202172244217,-163586.3415176908,1.0
0.8289910658394326,0.38696987815501543,3.10285904324437,2.6433202172244217,-163586.3415176908,0.0
0.8289910658394326,0.38696987815501543,3.10285904324437,2.6433202172244217,-163586.3415176908,0.0
0.8289910658394326,0.38696987815501543,3.10285904324437,2.6433202172244217,-163586.3415176908,0.0
0.8734163407781711,0.40899603922131905,3.0944327705554606,2.6522441904469565,-163573.37513625258,1.0
0.8734163407781711,0.40899603922131905,3.0944327705554606,2.6522441904469565,-163573.37513625258,0.0
0.8734163407781711,0.40899603922131905,3.0944327705554606,2.6522441904469565,-163573.37513625258,0.0
0.8734163407781711,0.40899603922131905,3.0944327705554606,2.6522441904469565,-163573.37513625258,0.0
0.8734163407781711,0.40899603922131905,3.0944327705554606,2.6522441904469565,-163573.37513625258,0.0
0.8734163407781711,0.40899603922131905,3.0944327705554606,2.6522441904469565,-163573.37513625258,0.0
0.8734163407781711,0.40899603922131905,3.0944327705554606,2.6522441904469565,-163573.37513625258,0.0
0.8734163407781711,0.40899603922131905,3.0944327705554606,2.6522441904469565,-163573.37513625258,0.0
0.8734163407781711,0.40899603922131905,3.0944327705554606,2.6522441904469565,-163573.37513625258,0.0
0.8734163407781711,0.40899603922131905,3.0944327705554606,2.6522441904469565,-163573.37513625258,0.0
0.8734163407781711,0.40899603922131905,3.0944327705554606,2.6522441904469565,-163573.37513625258,0.0
0.8734163407781711,0.40899603922131905,3.0944327705554606,2.6522441904469565,-163573.37513625258,0.0
0.8734163407781711,0.40899603922131905,3.0944327705554606,2.6522441904469565,-163573.37513625258,0.0
0.8734163407781711,0.40899603922131905,3.0944327705554606,2.6522441904469565,-163573.37513625258,0.0
0.8734163407781711,0.40899603922131905,3.0944327705554606,2.6522441904469565,-163573.37513625258,0.0
0.8734163407781711,0.40899603922131905,3.0944327705554606,2.6522441904469565,-163573.37513625258,0.0
0.8734163407781711,0.40899603922131905,3.0944327705554606,2.6522441904469565,-163573.37513625258,0.0
0.8734163407781711,0.40899603922131905,3.0944327705554606,2.6522441904469565,-163573.37513625258,0.0
0.8734163407781711,0.40899603922131905,3.0944327705554606,2.6522441904469565,-163573.37513625258,0.0
0.8734163407781711,0.40899603922131905,3.0944327705554606,2.6522441904469565,-163573.37513625258,0.0
0.8734163407781711,0.40899603922131905,3.0944327705554606,2.6522441904469565,-163573.37513625258,0.0
0.8734163407781711,0.40899603922131905,3.0944327705554606,2.6522441904469565,-163573.37513625258,0.0
0.8734163407781711,0.40899603922131905,3.0944327705554606,2.6522441904469565,-163573.37513625258,0.0
0.8734163407781711,0.40899603922131905,3.0944327705554606,2.6522441904469565,-163573.37513625258,0.0
0.8734163407781711,0.40899603922131905,3.0944327705554606,2.6522441904469565,-163573.37513625258,0.0
0.8734163407781711,0.40899603922131905,3.0944327705554606,2.6522441904469565,-163573.37513625258,0.0
0.8734163407781711,0.40899603922131905,3.0944327705554606,2.6522441904469565,-163573.37513625258,0.0
0.8734163407781711,0.40899603922131905,3.0944327705554606,2.6522441904469565,-163573.37513625258,0.0
0.8734163407781711,0.40899603922131905,3.0944327705554606,2.6522441904469565,-163573.37513625258,0.0
0.8734163407781711,0.40899603922131905,3.0944327705554606,2.6522441904469565,-163573.37513625258,0.0
0.8734163407781711,0.40899603922131905,3.0944327705554606,2.6522441904469565,-163573.37513625258,0.0
0.8734163407781711,0.40899603922131905,3.0944327705554606,2.6522441904469565,-163573.37513625258,0.0
0.8734163407781711,0.40899603922131905,3.0944327705554606,2.6522441904469565,-163573.37513625258,0.0
0.8734163407781711,0.40899603922131905,3.0944327705554606,2.6522441904469565,-163573.37513625258,0.0
0.8734163407781711,0.40899603922131905,3.0944327705554606,2.6522441904469565,-163573.37513625258,0.0
0.8734163407781711,0.40899603922131905,3.0944327705554606,2.6522441904469565,-163573.37513625258,0.0
0.8734163407781711,0.40899603922131905,3.0944327705554606,2.6522441904469565,-163573.37513625258,0.0
0.8734163407781711,0.40899603922131905,3.0944327705554606,2.6522441904469565,-163573.37513625258,0.0
0.8734163407781711,0.40899603922131905,3.0944327705554606,2.6522441904469565,-163573.37513625258,0.0
0.8734163407781711,0.40899603922131905,3.0944327705554606,2.6522441904469565,-163573.37513625258,0.0
0.8734163407781711,0.40899603922131905,3.0944327705554606,2.6522441904469565,-163573.37513625258,0.0
0.8734163407781711,0.40899603922131905,3.0944327705554606,2.6522441904469565,-163573.37513625258,0.0
0.8734163407781711,0.40899603922131905,3.0944327705554606,2.6522441904469565,-163573.37513625258,0.0
0.8734163407781711,0.40899603922131905,3.0944327705554606,2.6522441904469565,-163573.37513625258,0.0
0.8734163407781711,0.40899603922131905,3.0944327705554606,2.6522441904469565,-163573.37513625258,0.0
0.8734163407781711,0.40899603922131905,3.0944327705554606,2.6522441904469565,-163573.37513625258,0.0
0.8734163407781711,0.40899603922131905,3.0944327705554606,2.6522441904469565,-163573.37513625258,0.0
0.8734163407781711,0.40899603922131905,3.0944327705554606,2.6522441904469565,-163573.37513625258,0.0
0.8734163407781711,0.40899603922131905,3.0944327705554606,2.6522441904469565,-163573.37513625258,0.0
0.8734163407781711,0.40899603922131905,3.0944327705554606,2.6522441904469565,-163573.37513625258,0.0
0.8734163407781711,0.40899603922131905,3.0944327705554606,2.6522441904469565,-163573.37513625258,0.0
0.8734163407781711,0.40899603922131905,3.0944327705554606,2.6522441904469565,-163573.37513625258,0.0
0.8711906033368221,0.4188079060778416,3.1037762587932085,2.628148341903829,-163575.8576676449,1.0
0.8711906033368221,0.4188079060778416,3.1037762587932085,2.628148341903829,-163575.8576676449,0.0
0.8711906033368221,0.4188079060778416,3.1037762587932085,2.628148341903829,-163575.8576676449,0.0
0.8711906033368221,0.4188079060778416,3.1037762587932085,2.628148341903829,-163575.8576676449,0.0
0.8711906033368221,0.4188079060778416,3.1037762587932085,2.628148341903829,-163575.8576676449,0.0
0.8711906033368221,0.4188079060778416,3.1037762587932085,2.628148341903829,-163575.8576676449,0.0
0.8711906033368221,0.4188079060778416,3.1037762587932085,2.628148341903829,-163575.8576676449,0.0
0.8711906033368221,0.4188079060778416,3.1037762587932085,2.628148341903829,-163575.8576676449,0.0
0.8711906033368221,0.4188079060778416,3.1037762587932085,2.628148341903829,-163575.8576676449,0.0
0.8711906033368221,0.4188079060778416,3.1037762587932085,2.628148341903829,-163575.8576676449,0.0
0.8711906033368221,0.4188079060778416,3.1037762587932085,2.628148341903829,-163575.8576676449,0.0
0.8711906033368221,0.4188079060778416,3.1037762587932085,2.628148341903829,-163575.8576676449,0.0
0.8711906033368221,0.4188079060778416,3.1037762587932085,2.628148341903829,-163575.8576676449,0.0
0.8711906033368221,0.4188079060778416,3.1037762587932085,2.628148341903829,-163575.8576676449,0.0
0.8711906033368221,0.4188079060778416,3.1037762587932085,2.628148341903829,-163575.8576676449,0.0
0.8711906033368221,0.4188079060778416,3.1037762587932085,2.628148341903829,-163575.8576676449,0.0
0.8711906033368221,0.4188079060778416,3.1037762587932085,2.628148341903829,-163575.8576676449,0.0
0.8711906033368221,0.4188079060778416,3.1037762587932085,2.628148341903829,-163575.8576676449,0.0
0.8711906033368221,0.4188079060778416,3.1037762587932085,2.628148341903829,-163575.8576676449,0.0
0.8493581451472093,0.4261392462885847,3.0894073336599654,2.5945334055081917,-163584.0120599493,1.0
0.8572827488331185,0.4233934103257241,3.0848713940303383,2.630435105704946,-163599.6307737651,1.0
0.8572827488331185,0.4233934103257241,3.0848713940303383,2.630435105704946,-163599.6307737651,0.0
0.8572827488331185,0.4233934103257241,3.0848713940303383,2.630435105704946,-163599.6307737651,0.0
0.8572827488331185,0.4233934103257241,3.0848713940303383,2.630435105704946,-163599.6307737651,0.0
0.8572827488331185,0.4233934103257241,3.0848713940303383,2.630435105704946,-163599.6307737651,0.0
0.8572827488331185,0.4233934103257241,3.0848713940303383,2.630435105704946,-163599.6307737651,0.0
0.8572827488331185,0.4233934103257241,3.0848713940303383,2.630435105704946,-163599.6307737651,0.0
0.868351192174569,0.43405058066190505,3.095352930650179,2.604916338560495,-163574.81732927993,1.0
0.8880361555941203,0.42857828893067174,3.0917425862964993,2.662602688387386,-163604.52904617955,1.0
0.8880361555941203,0.42857828893067174,3.0917425862964993,2.662602688387386,-163604.52904617955,0.0
0.8880361555941203,0.42857828893067174,3.0917425862964993,2.662602688387386,-163604.52904617955,0.0
0.8880361555941203,0.42857828893067174,3.0917425862964993,2.662602688387386,-163604.52904617955,0.0
0.8880361555941203,0.42857828893067174,3.0917425862964993,2.662602688387386,-163604.52904617955,0.0
0.8880361555941203,0.42857828893067174,3.0917425862964993,2.662602688387386,-163604.52904617955,0.0
0.8539380958912755,0.4180050411789742,3.0844369945541787,2.6445606179448866,-163614.678525051,1.0
0.8539380958912755,0.4180050411789742,3.0844369945541787,2.6445606179448866,-163614.678525051,0.0
0.8539380958912755,0.4180050411789742,3.0844369945541787,2.6445606179448866,-163614.678525051,0.0
0.8218341345159934,0.40329611931970505,3.106352648939435,2.6245333647600324,-163576.97280501516,1.0
0.8218341345159934,0.40329611931970505,3.106352648939435,2.6245333647600324,-163576.97280501516,0.0
0.8514769123614007,0.42030034734549837,3.084567935321821,2.6444161846934513,-163583.7551902717,1.0
0.8514769123614007,0.42030034734549837,3.084567935321821,2.6444161846934513,-163583.7551902717,0.0
0.8514769123614007,0.42030034734549837,3.084567935321821,2.6444161846934513,-163583.7551902717,0.0
0.8416157038944205,0.4058259068020582,3.0982861035807563,2.6556432408855546,-163591.41210486804,1.0
0.8416157038944205,0.4058259068020582,3.0982861035807563,2.6556432408855546,-163591.41210486804,0.0
0.8416157038944205,0.4058259068020582,3.0982861035807563,2.6556432408855546,-163591.41210486804,0.0
0.8416157038944205,0.4058259068020582,3.0982861035807563,2.6556432408855546,-163591.41210486804,0.0
0.8416157038944205,0.4058259068020582,3.0982861035807563,2.6556432408855546,-163591.41210486804,0.0
0.8416157038944205,0.4058259068020582,3.0982861035807563,2.6556432408855546,-163591.41210486804,0.0
0.8416157038944205,0.4058259068020582,3.0982861035807563,2.6556432408855546,-163591.41210486804,0.0
0.8180959167795084,0.39868863074616934,3.089853147274856,2.6255938081359083,-163605.77919965686,1.0
0.8180959167795084,0.39868863074616934,3.089853147274856,2.6255938081359083,-163605.77919965686,0.0
0.8180959167795084,0.39868863074616934,3.089853147274856,2.6255938081359083,-163605.77919965686,0.0
0.8180959167795084,0.39868863074616934,3.089853147274856,2.6255938081359083,-163605.77919965686,0.0
0.8180959167795084,0.39868863074616934,3.089853147274856,2.6255938081359083,-163605.77919965686,0.0
0.8180959167795084,0.39868863074616934,3.089853147274856,2.6255938081359083,-163605.77919965686,0.0
0.8180959167795084,0.39868863074616934,3.089853147274856,2.6255938081359083,-163605.77919965686,0.0
0.8180959167795084,0.39868863074616934,3.089853147274856,2.6255938081359083,-163605.77919965686,0.0
0.8180959167795084,0.39868863074616934,3.089853147274856,2.6255938081359083,-163605.77919965686,0.0
0.8180959167795084,0.39868863074616934,3.089853147274856,2.6255938081359083,-163605.77919965686,0.0
0.8180959167795084,0.39868863074616934,3.089853147274856,2.6255938081359083,-163605.77919965686,0.0
0.8280171877643427,0.38611886690928504,3.1138235017007507,2.595237758903338,-163598.61736734633,1.0
0.8280171877643427,0.38611886690928504,3.1138235017007507,2.595237758903338,-163598.61736734633,0.0
0.858005824302042,0.39191041328345816,3.1161741132873733,2.600112661551684,-163623.43396333305,1.0
0.858005824302042,0.39191041328345816,3.1161741132873733,2.600112661551684,-163623.43396333305,0.0
0.858005824302042,0.39191041328345816,3.1161741132873733,2.600112661551684,-163623.43396333305,0.0
0.858005824302042,0.39191041328345816,3.1161741132873733,2.600112661551684,-163623.43396333305,0.0
0.858005824302042,0.39191041328345816,3.1161741132873733,2.600112661551684,-163623.43396333305,0.0
0.858005824302042,0.39191041328345816,3.1161741132873733,2.600112661551684,-163623.43396333305,0.0
0.858005824302042,0.39191041328345816,3.1161741132873733,2.600112661551684,-163623.43396333305,0.0
0.8596429314837003,0.39592076253536096,3.102273854821784,2.6095928108215585,-163587.8016007272,1.0
0.8596429314837003,0.39592076253536096,3.102273854821784,2.6095928108215585,-163587.8016007272,0.0
0.8596429314837003,0.39592076253536096,3.102273854821784,2.6095928108215585,-163587.8016007272,0.0
0.8596429314837003,0.39592076253536096,3.102273854821784,2.6095928108215585,-163587.8016007272,0.0
0.8437621402948459,0.3952038913685058,3.101702490044249,2.5817039406543953,-163613.70883907817,1.0
0.8780944023912909,0.4161792739617914,3.1109751911311707,2.5732826881831694,-163610.2438369889,1.0
0.8780944023912909,0.4161792739617914,3.1109751911311707,2.5732826881831694,-163610.2438369889,0.0
0.8780944023912909,0.4161792739617914,3.1109751911311707,2.5732826881831694,-163610.2438369889,0.0
0.8780944023912909,0.4161792739617914,3.1109751911311707,2.5732826881831694,-163610.2438369889,0.0
0.8780944023912909,0.4161792739617914,3.1109751911311707,2.5732826881831694,-163610.2438369889,0.0
0.8780944023912909,0.4161792739617914,3.1109751911311707,2.5732826881831694,-163610.2438369889,0.0
0.8780944023912909,0.4161792739617914,3.1109751911311707,2.5732826881831694,-163610.2438369889,0.0
0.8780944023912909,0.4161792739617914,3.1109751911311707,2.5732826881831694,-163610.2438369889,0.0
0.8780944023912909,0.4161792739617914,3.1109751911311707,2.5732826881831694,-163610.2438369889,0.0
0.9078095772671639,0.37047340198220496,3.1060229856524804,2.6006888015283165,-163602.14134187385,1.0
0.9078095772671639,0.37047340198220496,3.1060229856524804,2.6006888015283165,-163602.14134187385,0.0
0.9078095772671639,0.37047340198220496,3.1060229856524804,2.6006888015283165,-163602.14134187385,0.0
0.9078095772671639,0.37047340198220496,3.1060229856524804,2.6006888015283165,-163602.14134187385,0.0
0.9078095772671639,0.37047340198220496,3.1060229856524804,2.6006888015283165,-163602.14134187385,0.0
0.9534432725353633,0.37732272415433077,3.0995101786735995,2.629195457423013,-163565.22053295354,1.0
0.9532678323108358,0.3804071436214714,3.110376782916181,2.5972995000131993,-163602.44866855053,1.0
0.9532678323108358,0.3804071436214714,3.110376782916181,2.5972995000131993,-163602.44866855053,0.0
0.9532678323108358,0.3804071436214714,3.110376782916181,2.5972995000131993,-163602.44866855053,0.0
0.9532678323108358,0.3804071436214714,3.110376782916181,2.5972995000131993,-163602.44866855053,0.0
1.0093148283775362,0.4008629201312197,3.098023119785076,2.6564718940116334,-163580.25440915747,1.0
0.985425497769573,0.3800894319755229,3.100625282833442,2.619559152684917,-163581.95515132893,1.0
0.985425497769573,0.3800894319755229,3.100625282833442,2.619559152684917,-163581.95515132893,0.0
1.0161790363679661,0.38855076348400513,3.091302071644969,2.6371034212410525,-163578.5048392544,1.0
1.0161790363679661,0.38855076348400513,3.091302071644969,2.6371034212410525,-163578.5048392544,0.0
1.0588531933183873,0.39769112948823915,3.1007481797513226,2.6394185275636914,-163558.35332572035,1.0
1.052168653988153,0.3866562685505235,3.092556223588568,2.6382330071699522,-163566.40880767646,1.0
1.052168653988153,0.3866562685505235,3.092556223588568,2.6382330071699522,-163566.40880767646,0.0
1.055103807766664,0.3976107197337854,3.1043486297861596,2.628953148379348,-163574.66367101207,1.0
1.055103807766664,0.3976107197337854,3.1043486297861596,2.628953148379348,-163574.66367101207,0.0
1.055103807766664,0.3976107197337854,3.1043486297861596,2.628953148379348,-163574.66367101207,0.0
1.055103807766664,0.3976107197337854,3.1043486297861596,2.628953148379348,-163574.66367101207,0.0
1.055103807766664,0.3976107197337854,3.1043486297861596,2.628953148379348,-163574.66367101207,0.0
1.055103807766664,0.3976107197337854,3.1043486297861596,2.628953148379348,-163574.66367101207,0.0
1.0554179672431843,0.39165273069482215,3.0983737251204797,2.6177287076398015,-163572.50308200007,1.0
1.0554179672431843,0.39165273069482215,3.0983737251204797,2.6177287076398015,-163572.50308200007,0.0
1.0554179672431843,0.39165273069482215,3.0983737251204797,2.6177287076398015,-163572.50308200007,0.0
1.0554179672431843,0.39165273069482215,3.0983737251204797,2.6177287076398015,-163572.50308200007,0.0
1.0554179672431843,0.39165273069482215,3.0983737251204797,2.6177287076398015,-163572.50308200007,0.0
1.0554179672431843,0.39165273069482215,3.0983737251204797,2.6177287076398015,-163572.50308200007,0.0
1.0554179672431843,0.39165273069482215,3.0983737251204797,2.6177287076398015,-163572.50308200007,0.0
1.0554179672431843,0.39165273069482215,3.0983737251204797,2.6177287076398015,-163572.50308200007,0.0
1.0554179672431843,0.39165273069482215,3.0983737251204797,2.6177287076398015,-163572.50308200007,0.0
1.0771540838710405,0.39047743676281177,3.0918214071410377,2.6355492527354394,-163567.80433216156,1.0
1.0771540838710405,0.39047743676281177,3.0918214071410377,2.6355492527354394,-163567.80433216156,0.0
1.0771540838710405,0.39047743676281177,3.0918214071410377,2.6355492527354394,-163567.80433216156,0.0
1.0771540838710405,0.39047743676281177,3.0918214071410377,2.6355492527354394,-163567.80433216156,0.0
1.0771540838710405,0.39047743676281177,3.0918214071410377,2.6355492527354394,-163567.80433216156,0.0
1.0771540838710405,0.39047743676281177,3.0918214071410377,2.6355492527354394,-163567.80433216156,0.0
1.1154779806460147,0.39335602557653576,3.0919841829203785,2.6413007675087354,-163585.9001080752,1.0
1.1154779806460147,0.39335602557653576,3.0919841829203785,2.6413007675087354,-163585.9001080752,0.0
1.1154779806460147,0.39335602557653576,3.0919841829203785,2.6413007675087354,-163585.9001080752,0.0
1.1154779806460147,0.39335602557653576,3.0919841829203785,2.6413007675087354,-163585.9001080752,0.0
1.140176044937828,0.3890038988207482,3.0934476066875978,2.643502765722859,-163576.8534054249,1.0
1.140176044937828,0.3890038988207482,3.0934476066875978,2.643502765722859,-163576.8534054249,0.0
1.140176044937828,0.3890038988207482,3.0934476066875978,2.643502765722859,-163576.8534054249,0.0
1.140176044937828,0.3890038988207482,3.0934476066875978,2.643502765722859,-163576.8534054249,0.0
1.140176044937828,0.3890038988207482,3.0934476066875978,2.643502765722859,-163576.8534054249,0.0
1.140176044937828,0.3890038988207482,3.0934476066875978,2.643502765722859,-163576.8534054249,0.0
1.140176044937828,0.3890038988207482,3.0934476066875978,2.643502765722859,-163576.8534054249,0.0
1.1086207129801233,0.38568279261210775,3.1017206789340532,2.629835865389884,-163567.41448403988,1.0
1.1086207129801233,0.38568279261210775,3.1017206789340532,2.629835865389884,-163567.41448403988,0.0
1.1086207129801233,0.38568279261210775,3.1017206789340532,2.629835865389884,-163567.41448403988,0.0
1.1086207129801233,0.38568279261210775,3.1017206789340532,2.629835865389884,-163567.41448403988,0.0
1.1086207129801233,0.38568279261210775,3.1017206789340532,2.629835865389884,-163567.41448403988,0.0
1.1086207129801233,0.38568279261210775,3.1017206789340532,2.629835865389884,-163567.41448403988,0.0
1.1086207129801233,0.38568279261210775,3.1017206789340532,2.629835865389884,-163567.41448403988,0.0
1.1086207129801233,0.38568279261210775,3.1017206789340532,2.629835865389884,-163567.41448403988,0.0
1.1086207129801233,0.38568279261210775,3.1017206789340532,2.629835865389884,-163567.41448403988,0.0
1.1086207129801233,0.38568279261210775,3.1017206789340532,2.629835865389884,-163567.41448403988,0.0
1.0855570295586472,0.37960212116254877,3.0951455556626803,2.6070305371886464,-163596.67786052744,1.0
1.0855570295586472,0.37960212116254877,3.0951455556626803,2.6070305371886464,-163596.67786052744,0.0
1.0855570295586472,0.37960212116254877,3.0951455556626803,2.6070305371886464,-163596.67786052744,0.0
1.0855570295586472,0.37960212116254877,3.0951455556626803,2.6070305371886464,-163596.67786052744,0.0
1.123004857829105,0.36651404381276736,3.0985871200102797,2.619128518257264,-163579.4576612514,1.0
1.1140159828895526,0.37105350487138333,3.0912774758033112,2.633294759530226,-163550.9877038019,1.0
1.0824928562124407,0.3726543379083872,3.0851654766347636,2.6394730715877994,-163588.27200010046,1.0
1.0824928562124407,0.3726543379083872,3.0851654766347636,2.6394730715877994,-163588.27200010046,0.0
1.0950550704634148,0.37983192411894173,3.0938831776708033,2.6523681815487015,-163568.62693927268,1.0
1.0896931504565515,0.3753631008349783,3.0985220932477247,2.639035724720923,-163557.50668471644,1.0
1.0896931504565515,0.3753631008349783,3.0985220932477247,2.639035724720923,-163557.50668471644,0.0
1.0896931504565515,0.3753631008349783,3.0985220932477247,2.639035724720923,-163557.50668471644,0.0
1.0896931504565515,0.3753631008349783,3.0985220932477247,2.639035724720923,-163557.50668471644,0.0
1.0896931504565515,0.3753631008349783,3.0985220932477247,2.639035724720923,-163557.50668471644,0.0
1.1182631826016434,0.3772360184095191,3.1014256842965664,2.6255915048868848,-163566.19177962054,1.0
1.0825872928120626,0.37267349568834823,3.0985625812485083,2.62548980239164,-163591.4821302059,1.0
1.0825872928120626,0.37267349568834823,3.0985625812485083,2.62548980239164,-163591.4821302059,0.0
1.0825872928120626,0.37267349568834823,3.0985625812485083,2.62548980239164,-163591.4821302059,0.0
1.0825872928120626,0.37267349568834823,3.0985625812485083,2.62548980239164,-163591.4821302059,0.0
1.0825872928120626,0.37267349568834823,3.0985625812485083,2.62548980239164,-163591.4821302059,0.0
1.0825872928120626,0.37267349568834823,3.0985625812485083,2.62548980239164,-163591.4821302059,0.0
1.0825872928120626,0.37267349568834823,3.0985625812485083,2.62548980239164,-163591.4821302059,0.0
1.0825872928120626,0.37267349568834823,3.0985625812485083,2.62548980239164,-163591.4821302059,0.0
1.1439933879097628,0.3676769630681399,3.0896039275327114,2.622969622404108,-163569.35802624634,1.0
1.1439933879097628,0.3676769630681399,3.0896039275327114,2.622969622404108,-163569.35802624634,0.0
1.1439933879097628,0.3676769630681399,3.0896039275327114,2.622969622404108,-163569.35802624634,0.0
1.1439933879097628,0.3676769630681399,3.0896039275327114,2.622969622404108,-163569.35802624634,0.0
1.173326781274337,0.35928021153769474,3.097680060591747,2.61221874942596,-163585.9721623224,1.0
1.173326781274337,0.35928021153769474,3.097680060591747,2.61221874942596,-163585.9721623224,0.0
1.173326781274337,0.35928021153769474,3.097680060591747,2.61221874942596,-163585.9721623224,0.0
1.1942015637054137,0.3408324487918626,3.0968913623641146,2.6111531703983037,-163546.00529150188,1.0
1.2241431170913442,0.34872018931932247,3.103021752439036,2.6025782395264074,-163574.72320107248,1.0
1.2241431170913442,0.34872018931932247,3.103021752439036,2.6025782395264074,-163574.72320107248,0.0
1.2241431170913442,0.34872018931932247,3.103021752439036,2.6025782395264074,-163574.72320107248,0.0
1.259047624911077,0.3501675036133126,3.1025258056391833,2.612467607079414,-163574.97876454578,1.0
1.259047624911077,0.3501675036133126,3.1025258056391833,2.612467607079414,-163574.97876454578,0.0
1.259047624911077,0.3501675036133126,3.1025258056391833,2.612467607079414,-163574.97876454578,0.0
1.259047624911077,0.3501675036133126,3.1025258056391833,2.612467607079414,-163574.97876454578,0.0
1.23630718293925,0.3618236631874066,3.098886597681416,2.6148032279837445,-163572.3865461799,1.0
1.1248896974021134,0.3803964405253219,3.1002395140476255,2.6180996350895622,-163561.60555226135,1.0
1.1248896974021134,0.3803964405253219,3.1002395140476255,2.6180996350895622,-163561.60555226135,0.0
1.1664517014148374,0.375271230742957,3.104596004861319,2.6227707119941934,-163568.97480310383,1.0
1.1664517014148374,0.375271230742957,3.104596004861319,2.6227707119941934,-163568.97480310383,0.0
1.1664517014148374,0.375271230742957,3.104596004861319,2.6227707119941934,-163568.97480310383,0.0
1.1822225366677204,0.36485845095816877,3.099348196083496,2.629643893070251,-163528.53917555264,1.0
1.1822225366677204,0.36485845095816877,3.099348196083496,2.629643893070251,-163528.53917555264,0.0
1.1822225366677204,0.36485845095816877,3.099348196083496,2.629643893070251,-163528.53917555264,0.0
1.1822225366677204,0.36485845095816877,3.099348196083496,2.629643893070251,-163528.53917555264,0.0
1.1822225366677204,0.36485845095816877,3.099348196083496,2.629643893070251,-163528.53917555264,0.0
1.1822225366677204,0.36485845095816877,3.099348196083496,2.629643893070251,-163528.53917555264,0.0
1.209812619471492,0.360877674785704,3.0939423879601975,2.6062216254755843,-163589.70458490122,1.0
1.1479021703962071,0.37039901639351036,3.095936692732915,2.601035197995731,-163599.83169301887,1.0
1.1479021703962071,0.37039901639351036,3.095936692732915,2.601035197995731,-163599.83169301887,0.0
1.1621467450426175,0.386431233876232,3.1060940092326046,2.610977450847113,-163555.72859932482,1.0
1.1621467450426175,0.386431233876232,3.1060940092326046,2.610977450847113,-163555.72859932482,0.0
1.1897374468226904,0.3994561269571622,3.0994977673327146,2.6306627888941585,-163564.8826130939,1.0
1.1897374468226904,0.3994561269571622,3.0994977673327146,2.6306627888941585,-163564.8826130939,0.0
1.1897374468226904,0.3994561269571622,3.0994977673327146,2.6306627888941585,-163564.8826130939,0.0
1.1897374468226904,0.3994561269571622,3.0994977673327146,2.6306627888941585,-163564.8826130939,0.0
1.1897374468226904,0.3994561269571622,3.0994977673327146,2.6306627888941585,-163564.8826130939,0.0
1.1897374468226904,0.3994561269571622,3.0994977673327146,2.6306627888941585,-163564.8826130939,0.0
1.1897374468226904,0.3994561269571622,3.0994977673327146,2.6306627888941585,-163564.8826130939,0.0
1.1897374468226904,0.3994561269571622,3.0994977673327146,2.6306627888941585,-163564.8826130939,0.0
1.1897374468226904,0.3994561269571622,3.0994977673327146,2.6306627888941585,-163564.8826130939,0.0
1.1897374468226904,0.3994561269571622,3.0994977673327146,2.6306627888941585,-163564.8826130939,0.0
1.1232457671157465,0.4183408220956383,3.096809067704119,2.62259043362301,-163569.84899912096,1.0
1.1232457671157465,0.4183408220956383,3.096809067704119,2.62259043362301,-163569.84899912096,0.0
1.1232457671157465,0.4183408220956383,3.096809067704119,2.62259043362301,-163569.84899912096,0.0
1.1232457671157465,0.4183408220956383,3.096809067704119,2.62259043362301,-163569.84899912096,0.0
1.1232457671157465,0.4183408220956383,3.096809067704119,2.62259043362301,-163569.84899912096,0.0
1.1232457671157465,0.4183408220956383,3.096809067704119,2.62259043362301,-163569.84899912096,0.0
1.1232457671157465,0.4183408220956383,3.096809067704119,2.62259043362301,-163569.84899912096,0.0
1.1232457671157465,0.4183408220956383,3.096809067704119,2.62259043362301,-163569.84899912096,0.0
1.1232457671157465,0.4183408220956383,3.096809067704119,2.62259043362301,-163569.84899912096,0.0
1.1232457671157465,0.4183408220956383,3.096809067704119,2.62259043362301,-163569.84899912096,0.0
1.1232457671157465,0.4183408220956383,3.096809067704119,2.62259043362301,-163569.84899912096,0.0
1.1232457671157465,0.4183408220956383,3.096809067704119,2.62259043362301,-163569.84899912096,0.0
1.1232457671157465,0.4183408220956383,3.096809067704119,2.62259043362301,-163569.84899912096,0.0
1.1232457671157465,0.4183408220956383,3.096809067704119,2.62259043362301,-163569.84899912096,0.0
1.1232457671157465,0.4183408220956383,3.096809067704119,2.62259043362301,-163569.84899912096,0.0
1.1232457671157465,0.4183408220956383,3.096809067704119,2.62259043362301,-163569.84899912096,0.0
1.1231354072480313,0.412453544027042,3.0848333185767887,2.6435827463915937,-163569.83288391036,1.0
1.1231354072480313,0.412453544027042,3.0848333185767887,2.6435827463915937,-163569.83288391036,0.0
1.1231354072480313,0.412453544027042,3.0848333185767887,2.6435827463915937,-163569.83288391036,0.0
1.1231354072480313,0.412453544027042,3.0848333185767887,2.6435827463915937,-163569.83288391036,0.0
1.1600410750047605,0.40820065178349413,3.0924882993857574,2.6316582784081515,-163580.6947659669,1.0
1.1600410750047605,0.40820065178349413,3.0924882993857574,2.6316582784081515,-163580.6947659669,0.0
1.1600410750047605,0.40820065178349413,3.0924882993857574,2.6316582784081515,-163580.6947659669,0.0
1.1600410750047605,0.40820065178349413,3.0924882993857574,2.6316582784081515,-163580.6947659669,0.0
1.1600410750047605,0.40820065178349413,3.0924882993857574,2.6316582784081515,-163580.6947659669,0.0
1.1600410750047605,0.40820065178349413,3.0924882993857574,2.6316582784081515,-163580.6947659669,0.0
1.1600410750047605,0.40820065178349413,3.0924882993857574,2.6316582784081515,-163580.6947659669,0.0
1.1600410750047605,0.40820065178349413,3.0924882993857574,2.6316582784081515,-163580.6947659669,0.0
1.1651047845313935,0.42907825962901647,3.1088145009071275,2.6402447505286575,-163558.03003849185,1.0
1.1651047845313935,0.42907825962901647,3.1088145009071275,2.6402447505286575,-163558.03003849185,0.0
1.1651047845313935,0.42907825962901647,3.1088145009071275,2.6402447505286575,-163558.03003849185,0.0
1.1651047845313935,0.42907825962901647,3.1088145009071275,2.6402447505286575,-163558.03003849185,0.0
1.1651047845313935,0.42907825962901647,3.1088145009071275,2.6402447505286575,-163558.03003849185,0.0
1.1661666374624502,0.44113972716129535,3.1022006125619965,2.6484978273501247,-163579.59333645698,1.0
1.1661666374624502,0.44113972716129535,3.1022006125619965,2.6484978273501247,-163579.59333645698,0.0
1.1661666374624502,0.44113972716129535,3.1022006125619965,2.6484978273501247,-163579.59333645698,0.0
1.149628867807245,0.44674488175876914,3.106686905180283,2.659753941599647,-163620.57858029442,1.0
1.1417789712804916,0.43886129311782807,3.102949784128882,2.6584770961422275,-163602.79260099778,1.0
1.2076989309792132,0.428772500895251,3.099024507649371,2.6220128442859694,-163561.76370861058,1.0
1.2076989309792132,0.428772500895251,3.099024507649371,2.6220128442859694,-163561.76370861058,0.0
1.2076989309792132,0.428772500895251,3.099024507649371,2.6220128442859694,-163561.76370861058,0.0
1.2076989309792132,0.428772500895251,3.099024507649371,2.6220128442859694,-163561.76370861058,0.0
1.2133764303255912,0.43105010569521013,3.106609477057985,2.615528308210456,-163585.87181088456,1.0
1.1808329463250458,0.4160687621115124,3.0956831497419546,2.646618869214956,-163559.8632651463,1.0
1.1474568292941703,0.414702059140428,3.097046797777294,2.654527443658335,-163581.23375801585,1.0
1.1474568292941703,0.414702059140428,3.097046797777294,2.654527443658335,-163581.23375801585,0.0
1.144317110373399,0.4122212056041138,3.1008475796472643,2.636492395917589,-163592.9811221333,1.0
1.1448048309474748,0.4101167472652242,3.102592706175656,2.6421447361189614,-163569.6967906136,1.0
1.1448048309474748,0.4101167472652242,3.102592706175656,2.6421447361189614,-163569.6967906136,0.0
1.1254221782370881,0.3965709081216246,3.097798594607933,2.607194614892999,-163582.97483532378,1.0
1.1254221782370881,0.3965709081216246,3.097798594607933,2.607194614892999,-163582.97483532378,0.0
1.1427924450374152,0.3881592248408059,3.091986306357188,2.6324469785798996,-163564.48989680066,1.0
1.1427924450374152,0.3881592248408059,3.091986306357188,2.6324469785798996,-163564.48989680066,0.0
1.1560524000558488,0.39187616508310613,3.099129068693588,2.619817439269144,-163555.63348178603,1.0
1.1560524000558488,0.39187616508310613,3.099129068693588,2.619817439269144,-163555.63348178603,0.0
1.1462841918419882,0.38489672886959364,3.11383684908515,2.6307513233015403,-163589.59418876085,1.0
1.1462841918419882,0.38489672886959364,3.11383684908515,2.6307513233015403,-163589.59418876085,0.0
1.1462841918419882,0.38489672886959364,3.11383684908515,2.6307513233015403,-163589.59418876085,0.0
1.1462841918419882,0.38489672886959364,3.11383684908515,2.6307513233015403,-163589.59418876085,0.0
1.1263944427347319,0.37952611342775827,3.1077040881297555,2.6125346643342997,-163554.86360216577,1.0
1.1263944427347319,0.37952611342775827,3.1077040881297555,2.6125346643342997,-163554.86360216577,0.0
1.1263944427347319,0.37952611342775827,3.1077040881297555,2.6125346643342997,-163554.86360216577,0.0
1.158097180531741,0.37389397218335285,3.095951238024274,2.5909595200155624,-163589.15229324126,1.0
1.158097180531741,0.37389397218335285,3.095951238024274,2.5909595200155624,-163589.15229324126,0.0
1.167932245816194,0.39018690024980845,3.0976381731607603,2.5952909713945,-163600.9316149018,1.0
1.167932245816194,0.39018690024980845,3.0976381731607603,2.5952909713945,-163600.9316149018,0.0
1.1720597164110973,0.3915582610869707,3.11129716544507,2.5973100324526808,-163574.6238798742,1.0
1.1720597164110973,0.3915582610869707,3.11129716544507,2.5973100324526808,-163574.6238798742,0.0
1.1770043891341022,0.38090375829190953,3.1077355885368956,2.6222649134919984,-163549.0887417053,1.0
1.1770043891341022,0.38090375829190953,3.1077355885368956,2.6222649134919984,-163549.0887417053,0.0
1.1770043891341022,0.38090375829190953,3.1077355885368956,2.6222649134919984,-163549.0887417053,0.0
1.1770043891341022,0.38090375829190953,3.1077355885368956,2.6222649134919984,-163549.0887417053,0.0
1.1770043891341022,0.38090375829190953,3.1077355885368956,2.6222649134919984,-163549.0887417053,0.0
1.1770043891341022,0.38090375829190953,3.1077355885368956,2.6222649134919984,-163549.0887417053,0.0
1.1770043891341022,0.38090375829190953,3.1077355885368956,2.6222649134919984,-163549.0887417053,0.0
1.1770043891341022,0.38090375829190953,3.1077355885368956,2.6222649134919984,-163549.0887417053,0.0
1.1770043891341022,0.38090375829190953,3.1077355885368956,2.6222649134919984,-163549.0887417053,0.0
1.1770043891341022,0.38090375829190953,3.1077355885368956,2.6222649134919984,-163549.0887417053,0.0
1.1770043891341022,0.38090375829190953,3.1077355885368956,2.6222649134919984,-163549.0887417053,0.0
1.1770043891341022,0.38090375829190953,3.1077355885368956,2.6222649134919984,-163549.0887417053,0.0
1.1596215810206314,0.37712628095085865,3.1038448302738066,2.6344015090810236,-163550.2348315364,1.0
1.1596215810206314,0.37712628095085865,3.1038448302738066,2.6344015090810236,-163550.2348315364,0.0
1.1596215810206314,0.37712628095085865,3.1038448302738066,2.6344015090810236,-163550.2348315364,0.0
1.1089699916284939,0.37914077285445685,3.0961593741875073,2.6309642006928855,-163577.11370142415,1.0
1.1089699916284939,0.37914077285445685,3.0961593741875073,2.6309642006928855,-163577.11370142415,0.0
1.0891362094055346,0.3838022191820348,3.085622085026053,2.630480728336039,-163544.7284348251,1.0
1.0891362094055346,0.3838022191820348,3.085622085026053,2.630480728336039,-163544.7284348251,0.0
1.1380680266335692,0.369197368464617,3.0950364330225106,2.6150993938346994,-163562.67891162907,1.0
1.1380680266335692,0.369197368464617,3.0950364330225106,2.6150993938346994,-163562.67891162907,0.0
1.1380680266335692,0.369197368464617,3.0950364330225106,2.6150993938346994,-163562.67891162907,0.0
1.0463768937906284,0.3742710424654899,3.0943302391892074,2.605768758148309,-163560.05998208243,1.0
1.037314989827947,0.3733431492564835,3.090426796174397,2.6067189617088635,-163580.44771437955,1.0
1.0795493172157562,0.37243237948246805,3.0993860752911746,2.5963488077520274,-163588.1121422744,1.0
1.0795493172157562,0.37243237948246805,3.0993860752911746,2.5963488077520274,-163588.1121422744,0.0
1.0795493172157562,0.37243237948246805,3.0993860752911746,2.5963488077520274,-163588.1121422744,0.0
0.9960527384279246,0.371517818314302,3.0932143420954703,2.6139541172217595,-163560.94459876837,1.0
0.9375556804037846,0.3657332599395118,3.0890343670013176,2.618987414177561,-163583.8855728032,1.0
0.9315595976020837,0.36599218505776326,3.081061802868846,2.6408169266811403,-163615.82532411907,1.0
0.9121281906922838,0.36248854628537835,3.084626799176899,2.635268685328669,-163619.8235917658,1.0
0.9121281906922838,0.36248854628537835,3.084626799176899,2.635268685328669,-163619.8235917658,0.0
0.9121281906922838,0.36248854628537835,3.084626799176899,2.635268685328669,-163619.8235917658,0.0
0.9121281906922838,0.36248854628537835,3.084626799176899,2.635268685328669,-163619.8235917658,0.0
0.9685037589581184,0.36246642781842175,3.0878191291871055,2.625295384860665,-163599.93228268006,1.0
1.002809746082141,0.3641356719039117,3.096186965102625,2.6099577731136683,-163579.68929643673,1.0
1.002809746082141,0.3641356719039117,3.096186965102625,2.6099577731136683,-163579.68929643673,0.0
1.038368885862207,0.3638052764350036,3.1013243083673454,2.6225109007171956,-163551.58445564096,1.0
1.038368885862207,0.3638052764350036,3.1013243083673454,2.6225109007171956,-163551.58445564096,0.0
1.0388935953277691,0.3578437489093381,3.0967465638958878,2.6315581033484996,-163591.458620156,1.0
1.0388935953277691,0.3578437489093381,3.0967465638958878,2.6315581033484996,-163591.458620156,0.0
1.0388935953277691,0.3578437489093381,3.0967465638958878,2.6315581033484996,-163591.458620156,0.0
0.9812645644149952,0.3519837482816925,3.090368682844437,2.642598785124386,-163602.45106163525,1.0
0.9441535417145657,0.35193860976750174,3.0894492683286767,2.631363781239343,-163604.02557488767,1.0
0.9567905501738913,0.36179227511128753,3.08064975823084,2.6498673126522285,-163613.22720484072,1.0
0.9567905501738913,0.36179227511128753,3.08064975823084,2.6498673126522285,-163613.22720484072,0.0
0.9567905501738913,0.36179227511128753,3.08064975823084,2.6498673126522285,-163613.22720484072,0.0
0.964745787820447,0.36025666875124973,3.0976091917605015,2.640695552935535,-163613.37811806498,1.0
0.9223714030418493,0.35458493728452717,3.11050964889782,2.6283714460993304,-163627.19064498364,1.0
0.9223714030418493,0.35458493728452717,3.11050964889782,2.6283714460993304,-163627.19064498364,0.0
0.9223714030418493,0.35458493728452717,3.11050964889782,2.6283714460993304,-163627.19064498364,0.0
0.9223714030418493,0.35458493728452717,3.11050964889782,2.6283714460993304,-163627.19064498364,0.0
0.9287815810650082,0.35609635110154464,3.11097539265173,2.615108629903631,-163608.16368032212,1.0
0.9287815810650082,0.35609635110154464,3.11097539265173,2.615108629903631,-163608.16368032212,0.0
0.9287815810650082,0.35609635110154464,3.11097539265173,2.615108629903631,-163608.16368032212,0.0
0.9355812798021299,0.35243521491818786,3.1063300597198324,2.641370603580641,-163626.02525815586,1.0
0.9355812798021299,0.35243521491818786,3.1063300597198324,2.641370603580641,-163626.02525815586,0.0
0.9355812798021299,0.35243521491818786,3.1063300597198324,2.641370603580641,-163626.02525815586,0.0
0.9355812798021299,0.35243521491818786,3.1063300597198324,2.641370603580641,-163626.02525815586,0.0
0.9355812798021299,0.35243521491818786,3.1063300597198324,2.641370603580641,-163626.02525815586,0.0
0.9633063235060709,0.351923116923058,3.0940718433868653,2.6546645912668754,-163616.94756664647,1.0
0.9267680552843105,0.35513529160178064,3.094990461037571,2.652558921389798,-163576.13761168503,1.0
0.9267680552843105,0.35513529160178064,3.094990461037571,2.652558921389798,-163576.13761168503,0.0
0.9267680552843105,0.35513529160178064,3.094990461037571,2.652558921389798,-163576.13761168503,0.0
0.9267680552843105,0.35513529160178064,3.094990461037571,2.652558921389798,-163576.13761168503,0.0
0.9528114091783064,0.3554897749316953,3.0879161256067826,2.6532496726591352,-163633.42391614374,1.0
0.9290256107678453,0.35012717114594527,3.088860624551359,2.634510725320149,-163602.12728843806,1.0
0.9290256107678453,0.35012717114594527,3.088860624551359,2.634510725320149,-163602.12728843806,0.0
0.9692793742701066,0.3561724987675636,3.091933522541567,2.649521218815471,-163602.63615312558,1.0
0.9692793742701066,0.3561724987675636,3.091933522541567,2.649521218815471,-163602.63615312558,0.0
0.9692793742701066,0.3561724987675636,3.091933522541567,2.649521218815471,-163602.63615312558,0.0
0.9692793742701066,0.3561724987675636,3.091933522541567,2.649521218815471,-163602.63615312558,0.0
0.974518864225121,0.3579705035250573,3.0879673682707303,2.6423429237706486,-163611.45695452113,1.0
0.974518864225121,0.3579705035250573,3.0879673682707303,2.6423429237706486,-163611.45695452113,0.0
0.974518864225121,0.3579705035250573,3.0879673682707303,2.6423429237706486,-163611.45695452113,0.0
0.974518864225121,0.3579705035250573,3.0879673682707303,2.6423429237706486,-163611.45695452113,0.0
0.9880371291362604,0.3577684914799657,3.091696343389616,2.645025908914943,-163588.24517051308,1.0
0.9880371291362604,0.3577684914799657,3.091696343389616,2.645025908914943,-163588.24517051308,0.0
0.9880371291362604,0.3577684914799657,3.091696343389616,2.645025908914943,-163588.24517051308,0.0
0.9880371291362604,0.3577684914799657,3.091696343389616,2.645025908914943,-163588.24517051308,0.0
0.9880371291362604,0.3577684914799657,3.091696343389616,2.645025908914943,-163588.24517051308,0.0
0.9880371291362604,0.3577684914799657,3.091696343389616,2.645025908914943,-163588.24517051308,0.0
0.9880371291362604,0.3577684914799657,3.091696343389616,2.645025908914943,-163588.24517051308,0.0
0.9921661304072449,0.361240249554183,3.096400344465171,2.6637625214153022,-163597.3455333618,1.0
0.9767003130965108,0.34959506231151694,3.1080118093229636,2.6548683789039207,-163636.73860607625,1.0
0.9767003130965108,0.34959506231151694,3.1080118093229636,2.6548683789039207,-163636.73860607625,0.0
0.9767003130965108,0.34959506231151694,3.1080118093229636,2.6548683789039207,-163636.73860607625,0.0
0.9647454305027912,0.3387242996947077,3.100506094374554,2.6419118073134733,-163618.67918999167,1.0
0.9647454305027912,0.3387242996947077,3.100506094374554,2.6419118073134733,-163618.67918999167,0.0
0.9647454305027912,0.3387242996947077,3.100506094374554,2.6419118073134733,-163618.67918999167,0.0
0.9594528319036051,0.32972430959843385,3.0945323980526602,2.6348375845346035,-163614.8679637749,1.0
0.9594528319036051,0.32972430959843385,3.0945323980526602,2.6348375845346035,-163614.8679637749,0.0
0.9329143744171591,0.3534555805546257,3.094615720884374,2.6249935167334786,-163561.41464550796,1.0
0.9329143744171591,0.3534555805546257,3.094615720884374,2.6249935167334786,-163561.41464550796,0.0
0.9329143744171591,0.3534555805546257,3.094615720884374,2.6249935167334786,-163561.41464550796,0.0
0.9329143744171591,0.3534555805546257,3.094615720884374,2.6249935167334786,-163561.41464550796,0.0
0.9329143744171591,0.3534555805546257,3.094615720884374,2.6249935167334786,-163561.41464550796,0.0
0.9329143744171591,0.3534555805546257,3.094615720884374,2.6249935167334786,-163561.41464550796,0.0
0.9329143744171591,0.3534555805546257,3.094615720884374,2.6249935167334786,-163561.41464550796,0.0
0.9329143744171591,0.3534555805546257,3.094615720884374,2.6249935167334786,-163561.41464550796,0.0
0.9351751552411974,0.356470600005769,3.0983755861702096,2.6321794134472527,-163577.11155727084,1.0
0.9401121544187739,0.37517441417516123,3.104650763677147,2.6265659224336555,-163550.22022400278,1.0
0.9401121544187739,0.37517441417516123,3.104650763677147,2.6265659224336555,-163550.22022400278,0.0
0.9401121544187739,0.37517441417516123,3.104650763677147,2.6265659224336555,-163550.22022400278,0.0
0.9401121544187739,0.37517441417516123,3.104650763677147,2.6265659224336555,-163550.22022400278,0.0
0.9598714877246617,0.371547458204438,3.0970924679658256,2.638905965223199,-163580.9301434149,1.0
0.9791877765705095,0.36518569138572304,3.0934150824198925,2.6300911146162593,-163568.02466117722,1.0
0.9791877765705095,0.36518569138572304,3.0934150824198925,2.6300911146162593,-163568.02466117722,0.0
0.9791877765705095,0.36518569138572304,3.0934150824198925,2.6300911146162593,-163568.02466117722,0.0
0.9791877765705095,0.36518569138572304,3.0934150824198925,2.6300911146162593,-163568.02466117722,0.0
0.9791877765705095,0.36518569138572304,3.0934150824198925,2.6300911146162593,-163568.02466117722,0.0
0.9791877765705095,0.36518569138572304,3.0934150824198925,2.6300911146162593,-163568.02466117722,0.0
0.9974889597530179,0.3743689883989995,3.099904162959087,2.622454326430186,-163590.75167905382,1.0
0.9974889597530179,0.3743689883989995,3.099904162959087,2.622454326430186,-163590.75167905382,0.0
0.9974889597530179,0.3743689883989995,3.099904162959087,2.622454326430186,-163590.75167905382,0.0
0.9974889597530179,0.3743689883989995,3.099904162959087,2.622454326430186,-163590.75167905382,0.0
1.0365163025937543,0.37111576922592443,3.0990201447423753,2.6149190262281894,-163570.95143279966,1.0
1.0514978191738367,0.36483334459315403,3.098406791233856,2.6199401245537577,-163584.65890035668,1.0
1.1205767140260112,0.39429483573359364,3.0953355980278854,2.6469923495777574,-163579.03665335057,1.0
1.0638300708196256,0.3925387857570735,3.0983072275171066,2.6348055044866423,-163572.80264409725,1.0
1.1251614455270502,0.3936568466553918,3.094245436391412,2.6449232144645523,-163579.92945578712,1.0
1.1251614455270502,0.3936568466553918,3.094245436391412,2.6449232144645523,-163579.92945578712,0.0
1.1251614455270502,0.3936568466553918,3.094245436391412,2.6449232144645523,-163579.92945578712,0.0
1.1251614455270502,0.3936568466553918,3.094245436391412,2.6449232144645523,-163579.92945578712,0.0
1.1251614455270502,0.3936568466553918,3.094245436391412,2.6449232144645523,-163579.92945578712,0.0
1.1251614455270502,0.3936568466553918,3.094245436391412,2.6449232144645523,-163579.92945578712,0.0
1.1251614455270502,0.3936568466553918,3.094245436391412,2.6449232144645523,-163579.92945578712,0.0
1.1124612957827327,0.388818832833198,3.096197300476478,2.633568223475015,-163565.91499028236,1.0
1.1124612957827327,0.388818832833198,3.096197300476478,2.633568223475015,-163565.91499028236,0.0
1.1124612957827327,0.388818832833198,3.096197300476478,2.633568223475015,-163565.91499028236,0.0
1.1124612957827327,0.388818832833198,3.096197300476478,2.633568223475015,-163565.91499028236,0.0
1.2097442949410289,0.398896196324228,3.0978713684151944,2.6193458357691948,-163563.40358655655,1.0
1.2097442949410289,0.398896196324228,3.0978713684151944,2.6193458357691948,-163563.40358655655,0.0
1.2097442949410289,0.398896196324228,3.0978713684151944,2.6193458357691948,-163563.40358655655,0.0
1.277469890204978,0.4161652907996802,3.104163149703847,2.6249711662705755,-163571.36205491435,1.0
1.277469890204978,0.4161652907996802,3.104163149703847,2.6249711662705755,-163571.36205491435,0.0
1.277469890204978,0.4161652907996802,3.104163149703847,2.6249711662705755,-163571.36205491435,0.0
1.277469890204978,0.4161652907996802,3.104163149703847,2.6249711662705755,-163571.36205491435,0.0
1.2014308714517627,0.40261710666926515,3.1032989096611554,2.6184775379274603,-163567.96003931414,1.0
1.2328078196297525,0.4202938417908667,3.0971157447943813,2.6170809669147004,-163567.83281005357,1.0
1.2328078196297525,0.4202938417908667,3.0971157447943813,2.6170809669147004,-163567.83281005357,0.0
1.2328078196297525,0.4202938417908667,3.0971157447943813,2.6170809669147004,-163567.83281005357,0.0
1.2328078196297525,0.4202938417908667,3.0971157447943813,2.6170809669147004,-163567.83281005357,0.0
1.2328078196297525,0.4202938417908667,3.0971157447943813,2.6170809669147004,-163567.83281005357,0.0
1.2907673786479208,0.4045105911064884,3.0927291404494803,2.602515805072259,-163567.135311324,1.0
1.230836405236371,0.39205493998834856,3.107007153641036,2.615247027032034,-163562.88032656995,1.0
1.230836405236371,0.39205493998834856,3.107007153641036,2.615247027032034,-163562.88032656995,0.0
1.230836405236371,0.39205493998834856,3.107007153641036,2.615247027032034,-163562.88032656995,0.0
1.2109667782921782,0.3822833679894709,3.1122818366826404,2.616432880080496,-163571.53056466577,1.0
1.2109667782921782,0.3822833679894709,3.1122818366826404,2.616432880080496,-163571.53056466577,0.0
1.2109667782921782,0.3822833679894709,3.1122818366826404,2.616432880080496,-163571.53056466577,0.0
1.2109667782921782,0.3822833679894709,3.1122818366826404,2.616432880080496,-163571.53056466577,0.0
1.234917123910351,0.38626308697976464,3.107495930838861,2.6324460885246204,-163572.6471266702,1.0
1.234917123910351,0.38626308697976464,3.107495930838861,2.6324460885246204,-163572.6471266702,0.0
1.2085840043793874,0.39957533785728744,3.1005956606308134,2.6446471424372544,-163571.95928618853,1.0
1.184940975699208,0.38532281873353363,3.0988633000139614,2.645740485225442,-163557.3241073408,1.0
1.281374144581238,0.38648792048335917,3.0980890840179276,2.6329625377309793,-163579.39075557076,1.0
1.281374144581238,0.38648792048335917,3.0980890840179276,2.6329625377309793,-163579.39075557076,0.0
1.2459072628739478,0.3641375512430478,3.1013538843906514,2.619512997192626,-163571.87356927857,1.0
1.3275981232893015,0.3749818214343626,3.105508096706183,2.615988455620629,-163554.12193391792,1.0
1.3275981232893015,0.3749818214343626,3.105508096706183,2.615988455620629,-163554.12193391792,0.0
1.3275981232893015,0.3749818214343626,3.105508096706183,2.615988455620629,-163554.12193391792,0.0
1.2457746512359162,0.36930611709194455,3.0906125657491543,2.6125440479116806,-163576.1947232152,1.0
1.2457746512359162,0.36930611709194455,3.0906125657491543,2.6125440479116806,-163576.1947232152,0.0
1.2457746512359162,0.36930611709194455,3.0906125657491543,2.6125440479116806,-163576.1947232152,0.0
1.2457746512359162,0.36930611709194455,3.0906125657491543,2.6125440479116806,-163576.1947232152,0.0
1.2457746512359162,0.36930611709194455,3.0906125657491543,2.6125440479116806,-163576.1947232152,0.0
1.2973538872900072,0.37403209870961934,3.101430627026873,2.626187922720152,-163560.79593999812,1.0
1.2973538872900072,0.37403209870961934,3.101430627026873,2.626187922720152,-163560.79593999812,0.0
1.2749691890058885,0.3759466760435653,3.109931474715184,2.6311946890098747,-163542.8889116842,1.0
1.2749691890058885,0.3759466760435653,3.109931474715184,2.6311946890098747,-163542.8889116842,0.0
1.2656242813557341,0.3813067805133228,3.1090465363085533,2.6430315118472514,-163597.0024646518,1.0
1.2656242813557341,0.3813067805133228,3.1090465363085533,2.6430315118472514,-163597.0024646518,0.0
1.2656242813557341,0.3813067805133228,3.1090465363085533,2.6430315118472514,-163597.0024646518,0.0
1.3005829665441788,0.38103570200024395,3.11002728442731,2.6503042581595886,-163568.60937867852,1.0
1.2745001414691335,0.38482494635549747,3.100608102770114,2.6601066658722043,-163586.8364690141,1.0
1.2745001414691335,0.38482494635549747,3.100608102770114,2.6601066658722043,-163586.8364690141,0.0
1.2745001414691335,0.38482494635549747,3.100608102770114,2.6601066658722043,-163586.8364690141,0.0
1.2745001414691335,0.38482494635549747,3.100608102770114,2.6601066658722043,-163586.8364690141,0.0
1.2745001414691335,0.38482494635549747,3.100608102770114,2.6601066658722043,-163586.8364690141,0.0
1.315188921756214,0.39403747628730557,3.102917081304268,2.6545915927452235,-163575.70886460147,1.0
1.315188921756214,0.39403747628730557,3.102917081304268,2.6545915927452235,-163575.70886460147,0.0
1.315188921756214,0.39403747628730557,3.102917081304268,2.6545915927452235,-163575.70886460147,0.0
1.2686736668940333,0.38083985303799806,3.1059860161842052,2.6445121446372997,-163580.5642549362,1.0
1.2686736668940333,0.38083985303799806,3.1059860161842052,2.6445121446372997,-163580.5642549362,0.0
1.2686736668940333,0.38083985303799806,3.1059860161842052,2.6445121446372997,-163580.5642549362,0.0
1.2686736668940333,0.38083985303799806,3.1059860161842052,2.6445121446372997,-163580.5642549362,0.0
1.3102209601414745,0.3752410909102487,3.096637381405295,2.633855227895327,-163563.52971699412,1.0
1.3102209601414745,0.3752410909102487,3.096637381405295,2.633855227895327,-163563.52971699412,0.0
1.2765160821045864,0.38066305150018515,3.0850279644392193,2.6457641535024705,-163581.73604060838,1.0
1.2765160821045864,0.38066305150018515,3.0850279644392193,2.6457641535024705,-163581.73604060838,0.0
1.2765160821045864,0.38066305150018515,3.0850279644392193,2.6457641535024705,-163581.73604060838,0.0
1.3044065755507985,0.36797407420468436,3.0963315569820478,2.650768225415807,-163582.7991011019,1.0
1.3044065755507985,0.36797407420468436,3.0963315569820478,2.650768225415807,-163582.7991011019,0.0
1.3044065755507985,0.36797407420468436,3.0963315569820478,2.650768225415807,-163582.7991011019,0.0
1.2957527343591841,0.344988797456949,3.0961071503428244,2.6532633005797206,-163573.8930342124,1.0
1.2957527343591841,0.344988797456949,3.0961071503428244,2.6532633005797206,-163573.8930342124,0.0
1.2957527343591841,0.344988797456949,3.0961071503428244,2.6532633005797206,-163573.8930342124,0.0
1.2451520247152408,0.3473326772073633,3.098082068049737,2.6237097221091203,-163557.2737482229,1.0
1.2451520247152408,0.3473326772073633,3.098082068049737,2.6237097221091203,-163557.2737482229,0.0
1.2451520247152408,0.3473326772073633,3.098082068049737,2.6237097221091203,-163557.2737482229,0.0
1.259114845123122,0.36083082483523665,3.0873958065233924,2.619668852562007,-163598.7981115863,1.0
1.2572908351153316,0.3809937185319106,3.090165982954275,2.637615474612626,-163579.80372621163,1.0
1.2090168785977253,0.3540912053310933,3.0841365486802883,2.63129036519622,-163596.39921408438,1.0
1.2612530489251752,0.36359715178172564,3.0837594277443987,2.643104600280093,-163598.98886508614,1.0
1.2612530489251752,0.36359715178172564,3.0837594277443987,2.643104600280093,-163598.98886508614,0.0
1.2612530489251752,0.36359715178172564,3.0837594277443987,2.643104600280093,-163598.98886508614,0.0
1.2612530489251752,0.36359715178172564,3.0837594277443987,2.643104600280093,-163598.98886508614,0.0
1.2612530489251752,0.36359715178172564,3.0837594277443987,2.643104600280093,-163598.98886508614,0.0
1.2612530489251752,0.36359715178172564,3.0837594277443987,2.643104600280093,-163598.98886508614,0.0
1.2612530489251752,0.36359715178172564,3.0837594277443987,2.643104600280093,-163598.98886508614,0.0
1.2769919467192765,0.36690083012547303,3.082802156482614,2.6419936691093153,-163596.85041669998,1.0
1.2769919467192765,0.36690083012547303,3.082802156482614,2.6419936691093153,-163596.85041669998,0.0
1.2769919467192765,0.36690083012547303,3.082802156482614,2.6419936691093153,-163596.85041669998,0.0
1.2769919467192765,0.36690083012547303,3.082802156482614,2.6419936691093153,-163596.85041669998,0.0
1.2618655771936191,0.36618367052795026,3.088737250712444,2.661469978167043,-163597.70354934718,1.0
1.2909736464142532,0.36421920924313284,3.0869912422970565,2.6557600224335673,-163608.34386760756,1.0
1.2909736464142532,0.36421920924313284,3.0869912422970565,2.6557600224335673,-163608.34386760756,0.0
1.2909736464142532,0.36421920924313284,3.0869912422970565,2.6557600224335673,-163608.34386760756,0.0
1.2909736464142532,0.36421920924313284,3.0869912422970565,2.6557600224335673,-163608.34386760756,0.0
1.2909736464142532,0.36421920924313284,3.0869912422970565,2.6557600224335673,-163608.34386760756,0.0
1.2909736464142532,0.36421920924313284,3.0869912422970565,2.6557600224335673,-163608.34386760756,0.0
1.2531037078831764,0.3487175730209669,3.099945752852449,2.6516461817060835,-163562.55173035234,1.0
1.286762117888911,0.363316579415432,3.1021389616212884,2.6450512846049308,-163584.4263565824,1.0
1.2801378982578313,0.36314841793814656,3.096879043050312,2.6382047392710213,-163569.5621395704,1.0
1.2180588578835307,0.3767760457737886,3.1052768589218323,2.6261062746513475,-163552.87779321155,1.0
1.2215832606504105,0.38185981665104296,3.112252366250088,2.615706408394757,-163570.47365538473,1.0
1.1634340025042413,0.3846081065035358,3.1080413021038398,2.618332980990304,-163586.39136612706,1.0
1.1634340025042413,0.3846081065035358,3.1080413021038398,2.618332980990304,-163586.39136612706,0.0
1.1496026819480591,0.36779959011924185,3.1049899976162374,2.6133794207198684,-163578.74079773432,1.0
1.1496026819480591,0.36779959011924185,3.1049899976162374,2.6133794207198684,-163578.74079773432,0.0
1.1496026819480591,0.36779959011924185,3.1049899976162374,2.6133794207198684,-163578.74079773432,0.0
1.1496026819480591,0.36779959011924185,3.1049899976162374,2.6133794207198684,-163578.74079773432,0.0
1.1973361685895019,0.3826164370504734,3.108703908928202,2.5961965092132644,-163602.99265621387,1.0
1.1973361685895019,0.3826164370504734,3.108703908928202,2.5961965092132644,-163602.99265621387,0.0
1.1973361685895019,0.3826164370504734,3.108703908928202,2.5961965092132644,-163602.99265621387,0.0
1.1973361685895019,0.3826164370504734,3.108703908928202,2.5961965092132644,-163602.99265621387,0.0
1.0949146259656382,0.36852170996305,3.1050587299138397,2.6009219807726045,-163597.4842872212,1.0
1.0949146259656382,0.36852170996305,3.1050587299138397,2.6009219807726045,-163597.4842872212,0.0
1.0949146259656382,0.36852170996305,3.1050587299138397,2.6009219807726045,-163597.4842872212,0.0
1.0949146259656382,0.36852170996305,3.1050587299138397,2.6009219807726045,-163597.4842872212,0.0
1.0949146259656382,0.36852170996305,3.1050587299138397,2.6009219807726045,-163597.4842872212,0.0
1.119586505233119,0.36617408443600236,3.1138503279614804,2.5963775904475894,-163579.63366809746,1.0
1.142291742384358,0.359580016012781,3.1076674153430606,2.6047667763072946,-163604.04819030053,1.0
1.142291742384358,0.359580016012781,3.1076674153430606,2.6047667763072946,-163604.04819030053,0.0
1.142291742384358,0.359580016012781,3.1076674153430606,2.6047667763072946,-163604.04819030053,0.0
1.142703890359934,0.35966058334601764,3.110517342678422,2.6045393733883584,-163619.49694141542,1.0
1.142703890359934,0.35966058334601764,3.110517342678422,2.6045393733883584,-163619.49694141542,0.0
1.142703890359934,0.35966058334601764,3.110517342678422,2.6045393733883584,-163619.49694141542,0.0
1.092280543718688,0.361672036559383,3.1105375547850564,2.6034917225354097,-163607.4041352827,1.0
1.092280543718688,0.361672036559383,3.1105375547850564,2.6034917225354097,-163607.4041352827,0.0
1.0919111764251705,0.37863775314855475,3.118683525803441,2.6144046026046195,-163584.10792789553,1.0
1.0813800820197492,0.38614123794177885,3.120081447372994,2.614591143789873,-163620.1311197373,1.0
1.0813800820197492,0.38614123794177885,3.120081447372994,2.614591143789873,-163620.1311197373,0.0
1.0813800820197492,0.38614123794177885,3.120081447372994,2.614591143789873,-163620.1311197373,0.0
1.0813800820197492,0.38614123794177885,3.120081447372994,2.614591143789873,-163620.1311197373,0.0
1.0813800820197492,0.38614123794177885,3.120081447372994,2.614591143789873,-163620.1311197373,0.0
1.0813800820197492,0.38614123794177885,3.120081447372994,2.614591143789873,-163620.1311197373,0.0
1.0925064603688321,0.3917589314884942,3.1183564307622187,2.630940418107678,-163615.58524369574,1.0
1.066951395999638,0.3980194867044208,3.113428720518975,2.645061187027473,-163606.82993597217,1.0
1.066951395999638,0.3980194867044208,3.113428720518975,2.645061187027473,-163606.82993597217,0.0
1.066951395999638,0.3980194867044208,3.113428720518975,2.645061187027473,-163606.82993597217,0.0
0.9959749068258174,0.3892476477595981,3.10720871727417,2.6261473108128195,-163577.36919741472,1.0
0.9959749068258174,0.3892476477595981,3.10720871727417,2.6261473108128195,-163577.36919741472,0.0
0.9959749068258174,0.3892476477595981,3.10720871727417,2.6261473108128195,-163577.36919741472,0.0
0.9959749068258174,0.3892476477595981,3.10720871727417,2.6261473108128195,-163577.36919741472,0.0
0.9959749068258174,0.3892476477595981,3.10720871727417,2.6261473108128195,-163577.36919741472,0.0
0.9959749068258174,0.3892476477595981,3.10720871727417,2.6261473108128195,-163577.36919741472,0.0
0.9311399527125394,0.3731371374899916,3.1046830227925892,2.6366254217611877,-163582.25501093,1.0
0.9311399527125394,0.3731371374899916,3.1046830227925892,2.6366254217611877,-163582.25501093,0.0
0.9311399527125394,0.3731371374899916,3.1046830227925892,2.6366254217611877,-163582.25501093,0.0
0.9997197152024626,0.3769977236028939,3.101491115375783,2.6421817555627007,-163602.62740650878,1.0
0.9790169579610315,0.3756294924836561,3.1053641892311457,2.6430002168483555,-163577.79519639633,1.0
0.9790169579610315,0.3756294924836561,3.1053641892311457,2.6430002168483555,-163577.79519639633,0.0
1.0315827427159185,0.3804822752533866,3.1100402075916156,2.6364526193375375,-163591.1210164196,1.0
0.9975212197648657,0.368435165330045,3.1056006714038777,2.619371009512309,-163579.5316076135,1.0
0.9975212197648657,0.368435165330045,3.1056006714038777,2.619371009512309,-163579.5316076135,0.0
0.9636252989495899,0.3727017049981515,3.0975810197540716,2.6365237895024665,-163601.28448129655,1.0
0.9636252989495899,0.3727017049981515,3.0975810197540716,2.6365237895024665,-163601.28448129655,0.0
1.0458296321321083,0.38095592353654606,3.1008224727236704,2.626159719137283,-163574.1327931,1.0
1.1165001664716805,0.3858213193605275,3.0998930996516867,2.6234661229223315,-163569.83703916246,1.0
1.1165001664716805,0.3858213193605275,3.0998930996516867,2.6234661229223315,-163569.83703916246,0.0
1.1165001664716805,0.3858213193605275,3.0998930996516867,2.6234661229223315,-163569.83703916246,0.0
1.1165001664716805,0.3858213193605275,3.0998930996516867,2.6234661229223315,-163569.83703916246,0.0
1.1165001664716805,0.3858213193605275,3.0998930996516867,2.6234661229223315,-163569.83703916246,0.0
1.1165001664716805,0.3858213193605275,3.0998930996516867,2.6234661229223315,-163569.83703916246,0.0
1.1130988718631931,0.39097663716387365,3.0934765626170884,2.6179261745394755,-163563.10184561822,1.0
1.1130988718631931,0.39097663716387365,3.0934765626170884,2.6179261745394755,-163563.10184561822,0.0
1.1130988718631931,0.39097663716387365,3.0934765626170884,2.6179261745394755,-163563.10184561822,0.0
1.1130988718631931,0.39097663716387365,3.0934765626170884,2.6179261745394755,-163563.10184561822,0.0
1.1486928284219353,0.3881132725196195,3.0876173757330756,2.622134586523181,-163575.780588455,1.0
1.1663021218688794,0.4009681140783597,3.0886558376992133,2.6141499667095656,-163582.99921021104,1.0
1.1663021218688794,0.4009681140783597,3.0886558376992133,2.6141499667095656,-163582.99921021104,0.0
1.1663021218688794,0.4009681140783597,3.0886558376992133,2.6141499667095656,-163582.99921021104,0.0
1.321872993062048,0.4205829741248248,3.098324685457551,2.60986478811704,-163575.4002916515,1.0
1.2266349824768854,0.4105909711699973,3.0946050182774285,2.604437779505007,-163584.5566352487,1.0
1.2266349824768854,0.4105909711699973,3.0946050182774285,2.604437779505007,-163584.5566352487,0.0
1.2266349824768854,0.4105909711699973,3.0946050182774285,2.604437779505007,-163584.5566352487,0.0
1.2266349824768854,0.4105909711699973,3.0946050182774285,2.604437779505007,-163584.5566352487,0.0
1.2266349824768854,0.4105909711699973,3.0946050182774285,2.604437779505007,-163584.5566352487,0.0
1.2266349824768854,0.4105909711699973,3.0946050182774285,2.604437779505007,-163584.5566352487,0.0
1.2266349824768854,0.4105909711699973,3.0946050182774285,2.604437779505007,-163584.5566352487,0.0
1.2334796797111192,0.4031542557277558,3.099861169144524,2.6036918103831423,-163553.17632241728,1.0
1.2853102992506633,0.4174990364780992,3.1008285849464454,2.6077364758961097,-163561.25660612836,1.0
1.2294074441063296,0.42816839532660733,3.097176196297049,2.604414354188993,-163569.03724928098,1.0
1.2294074441063296,0.42816839532660733,3.097176196297049,2.604414354188993,-163569.03724928098,0.0
1.2812902366761958,0.42020090741906946,3.097620859921037,2.6032275695276113,-163581.56858327574,1.0
1.2812902366761958,0.42020090741906946,3.097620859921037,2.6032275695276113,-163581.56858327574,0.0
1.3904583672423734,0.4391516429146833,3.098004839446,2.617045806878068,-163584.6829183656,1.0
1.3904583672423734,0.4391516429146833,3.098004839446,2.617045806878068,-163584.6829183656,0.0
1.3347338268469895,0.4376011776780769,3.0999620079855483,2.64337925407629,-163579.92507856817,1.0
1.3347338268469895,0.4376011776780769,3.0999620079855483,2.64337925407629,-163579.92507856817,0.0
1.3347338268469895,0.4376011776780769,3.0999620079855483,2.64337925407629,-163579.92507856817,0.0
1.3347338268469895,0.4376011776780769,3.0999620079855483,2.64337925407629,-163579.92507856817,0.0
1.3347338268469895,0.4376011776780769,3.0999620079855483,2.64337925407629,-163579.92507856817,0.0
1.3856781312678226,0.4469400206901289,3.0994247952949934,2.631371461259574,-163595.8334976375,1.0
1.3856781312678226,0.4469400206901289,3.0994247952949934,2.631371461259574,-163595.8334976375,0.0
1.3968836055713454,0.449504925945535,3.104123932933043,2.6298106111970188,-163596.61838568898,1.0
1.3348731536762284,0.45166631711370486,3.1006754274865576,2.6150264274340786,-163576.65939074225,1.0
1.3348731536762284,0.45166631711370486,3.1006754274865576,2.6150264274340786,-163576.65939074225,0.0
1.3464182636420425,0.4322020042047277,3.093726175686747,2.6265987761493124,-163577.30823838073,1.0
1.3464182636420425,0.4322020042047277,3.093726175686747,2.6265987761493124,-163577.30823838073,0.0
1.3464182636420425,0.4322020042047277,3.093726175686747,2.6265987761493124,-163577.30823838073,0.0
1.3464182636420425,0.4322020042047277,3.093726175686747,2.6265987761493124,-163577.30823838073,0.0
1.3464182636420425,0.4322020042047277,3.093726175686747,2.6265987761493124,-163577.30823838073,0.0
1.2889547524256653,0.43068841928791235,3.09568822378132,2.6297605656896716,-163548.82073087245,1.0
1.2143147569746164,0.43266224987802565,3.091360406267817,2.628625088382667,-163571.25277817735,1.0
1.2143147569746164,0.43266224987802565,3.091360406267817,2.628625088382667,-163571.25277817735,0.0
1.1686358825171992,0.4199976728856939,3.0877049218185193,2.624065463263763,-163581.0860153827,1.0
1.1686358825171992,0.4199976728856939,3.0877049218185193,2.624065463263763,-163581.0860153827,0.0
1.1884490426576653,0.42054990929013064,3.0870226109625305,2.630978114311765,-163588.76722352102,1.0
1.2461416413183903,0.42401555217921566,3.088784885687246,2.6374425176762704,-163564.83923757914,1.0
1.24884046965751,0.4226552504322892,3.089501973389843,2.6450537729536623,-163585.1260805937,1.0
1.2609643288395278,0.42508220138096947,3.089187320078723,2.6307731898740263,-163578.43353364617,1.0
1.2609643288395278,0.42508220138096947,3.089187320078723,2.6307731898740263,-163578.43353364617,0.0
1.1624532746740832,0.42870346591163955,3.0980952155063197,2.616712054190267,-163564.564887527,1.0
1.1624532746740832,0.42870346591163955,3.0980952155063197,2.616712054190267,-163564.564887527,0.0
1.1624532746740832,0.42870346591163955,3.0980952155063197,2.616712054190267,-163564.564887527,0.0
1.1624532746740832,0.42870346591163955,3.0980952155063197,2.616712054190267,-163564.564887527,0.0
1.2419391797024573,0.41910635487999837,3.100480969110366,2.6167732164975637,-163575.31986330383,1.0
1.2200258803102522,0.4242748644986308,3.104633938521575,2.6102490907027107,-163566.29957319688,1.0
1.2200258803102522,0.4242748644986308,3.104633938521575,2.6102490907027107,-163566.29957319688,0.0
1.1460290895754466,0.4237295900571689,3.097571551815234,2.604218616976741,-163583.79027828042,1.0
1.089342908572579,0.42061015063884943,3.098618839286909,2.6054516370826386,-163598.6080298015,1.0
1.089342908572579,0.42061015063884943,3.098618839286909,2.6054516370826386,-163598.6080298015,0.0
1.089342908572579,0.42061015063884943,3.098618839286909,2.6054516370826386,-163598.6080298015,0.0
1.0820291469478458,0.4210767230092753,3.1056955516609412,2.6084143281643137,-163575.678320743,1.0
1.1193042036467766,0.42100597980356547,3.116651654378427,2.59936139063951,-163596.71936432787,1.0
1.1193042036467766,0.42100597980356547,3.116651654378427,2.59936139063951,-163596.71936432787,0.0
1.1174438453649067,0.42054183694750913,3.1036990262780804,2.6048391051282622,-163573.62879378852,1.0
1.1174438453649067,0.42054183694750913,3.1036990262780804,2.6048391051282622,-163573.62879378852,0.0
1.1174438453649067,0.42054183694750913,3.1036990262780804,2.6048391051282622,-163573.62879378852,0.0
1.1174438453649067,0.42054183694750913,3.1036990262780804,2.6048391051282622,-163573.62879378852,0.0
1.1174438453649067,0.42054183694750913,3.1036990262780804,2.6048391051282622,-163573.62879378852,0.0
1.0052936209227,0.4269057717072841,3.1039815842732863,2.602229490445544,-163585.99265274548,1.0
1.0052936209227,0.4269057717072841,3.1039815842732863,2.602229490445544,-163585.99265274548,0.0
1.0052936209227,0.4269057717072841,3.1039815842732863,2.602229490445544,-163585.99265274548,0.0
0.9475429984558628,0.4278628017976321,3.104816107001782,2.6055686950445014,-163571.70153415523,1.0
0.9475429984558628,0.4278628017976321,3.104816107001782,2.6055686950445014,-163571.70153415523,0.0
0.9475429984558628,0.4278628017976321,3.104816107001782,2.6055686950445014,-163571.70153415523,0.0
0.98492204525062,0.4296134631176869,3.096027628995267,2.6140467715936286,-163582.34552746356,1.0
0.996288371124848,0.42629617139993264,3.1071723025638973,2.609139790862442,-163574.29076499213,1.0
0.996288371124848,0.42629617139993264,3.1071723025638973,2.609139790862442,-163574.29076499213,0.0
0.996288371124848,0.42629617139993264,3.1071723025638973,2.609139790862442,-163574.29076499213,0.0
0.996288371124848,0.42629617139993264,3.1071723025638973,2.609139790862442,-163574.29076499213,0.0
0.996288371124848,0.42629617139993264,3.1071723025638973,2.609139790862442,-163574.29076499213,0.0
0.996288371124848,0.42629617139993264,3.1071723025638973,2.609139790862442,-163574.29076499213,0.0
0.9863206701475422,0.4238902522719711,3.105946153999833,2.6086420363562444,-163584.7992880378,1.0
0.9799800989451781,0.4203862694163278,3.1027927857108453,2.615675929098308,-163553.91345891388,1.0
0.9799800989451781,0.4203862694163278,3.1027927857108453,2.615675929098308,-163553.91345891388,0.0
0.9799800989451781,0.4203862694163278,3.1027927857108453,2.615675929098308,-163553.91345891388,0.0
0.9799800989451781,0.4203862694163278,3.1027927857108453,2.615675929098308,-163553.91345891388,0.0
0.9799800989451781,0.4203862694163278,3.1027927857108453,2.615675929098308,-163553.91345891388,0.0
0.9799800989451781,0.4203862694163278,3.1027927857108453,2.615675929098308,-163553.91345891388,0.0
0.9799800989451781,0.4203862694163278,3.1027927857108453,2.615675929098308,-163553.91345891388,0.0
0.9799800989451781,0.4203862694163278,3.1027927857108453,2.615675929098308,-163553.91345891388,0.0
0.9799800989451781,0.4203862694163278,3.1027927857108453,2.615675929098308,-163553.91345891388,0.0
0.9799800989451781,0.4203862694163278,3.1027927857108453,2.615675929098308,-163553.91345891388,0.0
0.9799800989451781,0.4203862694163278,3.1027927857108453,2.615675929098308,-163553.91345891388,0.0
0.9799800989451781,0.4203862694163278,3.1027927857108453,2.615675929098308,-163553.91345891388,0.0
0.9479991522784156,0.43381459879376283,3.0934193657359996,2.6232914037574493,-163576.5407004854,1.0
0.9875283432240501,0.4453173851936393,3.088332249018758,2.6281499257804835,-163590.03875583,1.0
0.9875283432240501,0.4453173851936393,3.088332249018758,2.6281499257804835,-163590.03875583,0.0
0.9875283432240501,0.4453173851936393,3.088332249018758,2.6281499257804835,-163590.03875583,0.0
1.0084947277616083,0.4353913779248739,3.098121894194168,2.605613601749093,-163595.05443864263,1.0
1.0084947277616083,0.4353913779248739,3.098121894194168,2.605613601749093,-163595.05443864263,0.0
1.0509009820829673,0.4329696435405903,3.0943699368796227,2.6099017465500323,-163582.37655138172,1.0
1.0567938130558465,0.4268792334703546,3.0951915004963713,2.622387679358317,-163584.89016434245,1.0
1.0567938130558465,0.4268792334703546,3.0951915004963713,2.622387679358317,-163584.89016434245,0.0
1.0786207929037368,0.4176565248061258,3.098992053709867,2.6118323944638027,-163553.42951950594,1.0
1.0786207929037368,0.4176565248061258,3.098992053709867,2.6118323944638027,-163553.42951950594,0.0
1.0975434584044839,0.4323188142215808,3.097463624352027,2.62151857570255,-163575.6108423322,1.0
1.038073616414012,0.40465608161521927,3.0902538392587604,2.6328024573082085,-163572.1134980603,1.0
1.038073616414012,0.40465608161521927,3.0902538392587604,2.6328024573082085,-163572.1134980603,0.0
1.0157872537017698,0.38648189500151564,3.0901482677671748,2.6403102789008934,-163585.45267093292,1.0
1.0157872537017698,0.38648189500151564,3.0901482677671748,2.6403102789008934,-163585.45267093292,0.0
0.9254946224472304,0.3555630221442683,3.0928869675545525,2.6404611162637233,-163590.56300330983,1.0
0.9254946224472304,0.3555630221442683,3.0928869675545525,2.6404611162637233,-163590.56300330983,0.0
1.0254039524787828,0.36954341216637726,3.0919340587790654,2.643059477091951,-163591.1696914857,1.0
0.9893268934152297,0.3798127387888565,3.095867245213268,2.638721796056506,-163585.22659205445,1.0
0.9893268934152297,0.3798127387888565,3.095867245213268,2.638721796056506,-163585.22659205445,0.0
1.0080086914517299,0.37497600559798766,3.104408174229414,2.6369627107621367,-163565.2010305182,1.0
0.9984201229968747,0.3979670628722707,3.1173764705779465,2.617442846858584,-163592.4579445037,1.0
1.0771839603564641,0.4188032513083713,3.1207017676020685,2.6267686413884412,-163609.80907257283,1.0
1.0754651440022065,0.4288869499298153,3.123747156008499,2.6036429741833866,-163630.65077477804,1.0
1.0763753149775228,0.4267956145877111,3.124249809396534,2.6190702604614744,-163638.0874873587,1.0
1.0763753149775228,0.4267956145877111,3.124249809396534,2.6190702604614744,-163638.0874873587,0.0
1.104030630763671,0.43992980244491053,3.1193062586795213,2.6055161513252223,-163620.73078557302,1.0
1.104030630763671,0.43992980244491053,3.1193062586795213,2.6055161513252223,-163620.73078557302,0.0
1.104030630763671,0.43992980244491053,3.1193062586795213,2.6055161513252223,-163620.73078557302,0.0
1.1002009717033001,0.43515425559331633,3.1161497126971036,2.59983661573829,-163585.76654559953,1.0
1.1002009717033001,0.43515425559331633,3.1161497126971036,2.59983661573829,-163585.76654559953,0.0
1.0557483570512214,0.4232558004771255,3.1073369463550455,2.5828081916948356,-163613.7755946286,1.0
1.0557483570512214,0.4232558004771255,3.1073369463550455,2.5828081916948356,-163613.7755946286,0.0
1.0557483570512214,0.4232558004771255,3.1073369463550455,2.5828081916948356,-163613.7755946286,0.0
1.0349530074844786,0.39762462832811213,3.1152444538778132,2.5799825974427955,-163613.2917135523,1.0
1.0349530074844786,0.39762462832811213,3.1152444538778132,2.5799825974427955,-163613.2917135523,0.0
1.0349530074844786,0.39762462832811213,3.1152444538778132,2.5799825974427955,-163613.2917135523,0.0
1.0349530074844786,0.39762462832811213,3.1152444538778132,2.5799825974427955,-163613.2917135523,0.0
1.0349530074844786,0.39762462832811213,3.1152444538778132,2.5799825974427955,-163613.2917135523,0.0
1.0349530074844786,0.39762462832811213,3.1152444538778132,2.5799825974427955,-163613.2917135523,0.0
1.0346625349139225,0.40026014634621726,3.119622883046325,2.588654298480238,-163600.00805315896,1.0
1.1096822247032856,0.379647820896004,3.113878855320907,2.590927945897385,-163609.19074302306,1.0
1.1096822247032856,0.379647820896004,3.113878855320907,2.590927945897385,-163609.19074302306,0.0
1.1096822247032856,0.379647820896004,3.113878855320907,2.590927945897385,-163609.19074302306,0.0
1.1096822247032856,0.379647820896004,3.113878855320907,2.590927945897385,-163609.19074302306,0.0
1.1096822247032856,0.379647820896004,3.113878855320907,2.590927945897385,-163609.19074302306,0.0
1.1746422193483566,0.36451310208421944,3.114731971273528,2.613083507975417,-163606.87728241557,1.0
1.1746422193483566,0.36451310208421944,3.114731971273528,2.613083507975417,-163606.87728241557,0.0
1.1641729599451196,0.37090637868023624,3.1161727237325763,2.5900060297329723,-163603.79085931246,1.0
1.2309497027270113,0.37425621143313315,3.123805634356675,2.5700060770100572,-163605.73324428406,1.0
1.2309497027270113,0.37425621143313315,3.123805634356675,2.5700060770100572,-163605.73324428406,0.0
1.2645570591451953,0.371483894767932,3.116390529676824,2.5761817008093857,-163611.99080233285,1.0
1.2645570591451953,0.371483894767932,3.116390529676824,2.5761817008093857,-163611.99080233285,0.0
1.3230516756212622,0.3778919577963025,3.1130604992296553,2.601476266274572,-163597.1302501023,1.0
1.3230516756212622,0.3778919577963025,3.1130604992296553,2.601476266274572,-163597.1302501023,0.0
1.3230516756212622,0.3778919577963025,3.1130604992296553,2.601476266274572,-163597.1302501023,0.0
1.332815896531144,0.3796707810128809,3.1116476498223515,2.6152650762534364,-163567.37403698722,1.0
1.332815896531144,0.3796707810128809,3.1116476498223515,2.6152650762534364,-163567.37403698722,0.0
1.3897260871351098,0.3854144148803344,3.111028242122023,2.612773417983122,-163582.83123372457,1.0
1.3897260871351098,0.3854144148803344,3.111028242122023,2.612773417983122,-163582.83123372457,0.0
1.3897260871351098,0.3854144148803344,3.111028242122023,2.612773417983122,-163582.83123372457,0.0
1.3890246811493896,0.38709313840618903,3.102457793140922,2.6134627642949337,-163563.96275017268,1.0
1.3890246811493896,0.38709313840618903,3.102457793140922,2.6134627642949337,-163563.96275017268,0.0
1.3890246811493896,0.38709313840618903,3.102457793140922,2.6134627642949337,-163563.96275017268,0.0
1.3890246811493896,0.38709313840618903,3.102457793140922,2.6134627642949337,-163563.96275017268,0.0
1.3890246811493896,0.38709313840618903,3.102457793140922,2.6134627642949337,-163563.96275017268,0.0
1.3890246811493896,0.38709313840618903,3.102457793140922,2.6134627642949337,-163563.96275017268,0.0
1.299046317164319,0.40539401370609895,3.0980756876345508,2.6163062523183074,-163563.42408243293,1.0
1.299046317164319,0.40539401370609895,3.0980756876345508,2.6163062523183074,-163563.42408243293,0.0
1.299046317164319,0.40539401370609895,3.0980756876345508,2.6163062523183074,-163563.42408243293,0.0
1.299046317164319,0.40539401370609895,3.0980756876345508,2.6163062523183074,-163563.42408243293,0.0
1.299046317164319,0.40539401370609895,3.0980756876345508,2.6163062523183074,-163563.42408243293,0.0
1.255155519068539,0.40272592173961147,3.0985401418547993,2.626500668514292,-163570.9750232653,1.0
1.255155519068539,0.40272592173961147,3.0985401418547993,2.626500668514292,-163570.9750232653,0.0
1.255155519068539,0.40272592173961147,3.0985401418547993,2.626500668514292,-163570.9750232653,0.0
1.255155519068539,0.40272592173961147,3.0985401418547993,2.626500668514292,-163570.9750232653,0.0
1.255155519068539,0.40272592173961147,3.0985401418547993,2.626500668514292,-163570.9750232653,0.0
1.0953322648377806,0.4095906233783638,3.102631829164654,2.6180621383219425,-163564.03259401905,1.0
1.0953322648377806,0.4095906233783638,3.102631829164654,2.6180621383219425,-163564.03259401905,0.0
1.0953322648377806,0.4095906233783638,3.102631829164654,2.6180621383219425,-163564.03259401905,0.0
1.0953322648377806,0.4095906233783638,3.102631829164654,2.6180621383219425,-163564.03259401905,0.0
1.0953322648377806,0.4095906233783638,3.102631829164654,2.6180621383219425,-163564.03259401905,0.0
1.0953322648377806,0.4095906233783638,3.102631829164654,2.6180621383219425,-163564.03259401905,0.0
1.1083822055276946,0.4143659592555058,3.1141094397113385,2.6243238362990184,-163564.43136621392,1.0
0.9644886120878803,0.39354390246310916,3.112844661685107,2.6174530576697896,-163585.87860115108,1.0
0.9615568105449156,0.390576546027906,3.105554961022294,2.6333794027520074,-163601.78881929477,1.0
1.0345924397790438,0.3764763183939536,3.0970518918194014,2.620088975693198,-163582.4991071684,1.0
1.0345924397790438,0.3764763183939536,3.0970518918194014,2.620088975693198,-163582.4991071684,0.0
1.1748687436483616,0.3794970722091271,3.097487086894596,2.6095470156437446,-163570.59479556198,1.0
1.170466962743778,0.3683687502534565,3.1009358197532335,2.613061954240307,-163570.25452140623,1.0
1.170466962743778,0.3683687502534565,3.1009358197532335,2.613061954240307,-163570.25452140623,0.0
1.250752004997944,0.37739335371245897,3.102654442109675,2.606695119130033,-163555.64662535954,1.0
1.2391107150066267,0.36088207673480677,3.106875317461308,2.6030274596980902,-163574.09702836766,1.0
1.2391107150066267,0.36088207673480677,3.106875317461308,2.6030274596980902,-163574.09702836766,0.0
1.2391107150066267,0.36088207673480677,3.106875317461308,2.6030274596980902,-163574.09702836766,0.0
1.2391107150066267,0.36088207673480677,3.106875317461308,2.6030274596980902,-163574.09702836766,0.0
1.2491257308020347,0.36483305114721687,3.1013659275845344,2.6075365292535477,-163590.48500325604,1.0
1.3397325192106313,0.3634783545122226,3.0887419633283097,2.6151837912478357,-163557.25152326265,1.0
1.3397325192106313,0.3634783545122226,3.0887419633283097,2.6151837912478357,-163557.25152326265,0.0
1.3397325192106313,0.3634783545122226,3.0887419633283097,2.6151837912478357,-163557.25152326265,0.0
1.3397325192106313,0.3634783545122226,3.0887419633283097,2.6151837912478357,-163557.25152326265,0.0
1.3397325192106313,0.3634783545122226,3.0887419633283097,2.6151837912478357,-163557.25152326265,0.0
1.3397325192106313,0.3634783545122226,3.0887419633283097,2.6151837912478357,-163557.25152326265,0.0
1.3397325192106313,0.3634783545122226,3.0887419633283097,2.6151837912478357,-163557.25152326265,0.0
1.2691389038457694,0.37910133907178334,3.0793821707952866,2.6193512575363123,-163597.9233427723,1.0
1.239983681578764,0.37316595087051635,3.0693018607967515,2.6201420501318915,-163612.68960949205,1.0
1.239983681578764,0.37316595087051635,3.0693018607967515,2.6201420501318915,-163612.68960949205,0.0
1.2772099126242997,0.3865856153753223,3.080776286649849,2.6104748831332683,-163636.50602295136,1.0
1.2772099126242997,0.3865856153753223,3.080776286649849,2.6104748831332683,-163636.50602295136,0.0
1.2772099126242997,0.3865856153753223,3.080776286649849,2.6104748831332683,-163636.50602295136,0.0
1.220939267778063,0.3951234030285265,3.0877314421507207,2.604525227828737,-163582.96464864016,1.0
1.220939267778063,0.3951234030285265,3.0877314421507207,2.604525227828737,-163582.96464864016,0.0
1.129066837987315,0.40292728776805065,3.0942473392781733,2.586029497140571,-163576.33782980876,1.0
1.220597218641774,0.4110022718388355,3.1065782147168264,2.5801994421969523,-163590.83977349527,1.0
1.1800705168246615,0.40406841022024215,3.1085141042020417,2.5837238619286502,-163600.60382883906,1.0
1.1800705168246615,0.40406841022024215,3.1085141042020417,2.5837238619286502,-163600.60382883906,0.0
1.1901701166470149,0.3919904506246097,3.1094754941443967,2.5931215659217988,-163587.38208679127,1.0
1.1864456261320342,0.39338658476916755,3.1094029243391597,2.5962826077998584,-163599.9405182965,1.0
1.1864456261320342,0.39338658476916755,3.1094029243391597,2.5962826077998584,-163599.9405182965,0.0
1.1864456261320342,0.39338658476916755,3.1094029243391597,2.5962826077998584,-163599.9405182965,0.0
1.1864456261320342,0.39338658476916755,3.1094029243391597,2.5962826077998584,-163599.9405182965,0.0
1.1864456261320342,0.39338658476916755,3.1094029243391597,2.5962826077998584,-163599.9405182965,0.0
1.225123572851024,0.4088944664204113,3.103865943846213,2.5865878660487867,-163587.50077211394,1.0
1.225123572851024,0.4088944664204113,3.103865943846213,2.5865878660487867,-163587.50077211394,0.0
1.3307463671777315,0.4028575922651548,3.1067621019708285,2.5873488001043286,-163594.18261694998,1.0
