"x1","x2","x3","x4","x5","x6","x7","x8","x9"
0.8864228795449596,0.4935521322634081,3.0954314550891193,4.759450353228615,0.7494268790481702,0.10767350720383356,1.8690186956323838,-155469.62934580405,0.0
0.8864228795449596,0.4935521322634081,3.0954314550891193,4.759450353228615,0.7494268790481702,0.10767350720383356,1.8690186956323838,-155469.62934580405,0.0
0.8864228795449596,0.4935521322634081,3.0954314550891193,4.759450353228615,0.7494268790481702,0.10767350720383356,1.8690186956323838,-155469.62934580405,0.0
0.8864228795449596,0.4935521322634081,3.0954314550891193,4.759450353228615,0.7494268790481702,0.10767350720383356,1.8690186956323838,-155469.62934580405,0.0
0.6369583217842001,0.5035351755027683,3.095794016858398,5.010053312455932,0.8016365043037232,0.04172394252014053,1.8758548581939112,-155209.11934033103,1.0
0.6369583217842001,0.5035351755027683,3.095794016858398,5.010053312455932,0.8016365043037232,0.04172394252014053,1.8758548581939112,-155209.11934033103,0.0
0.6369583217842001,0.5035351755027683,3.095794016858398,5.010053312455932,0.8016365043037232,0.04172394252014053,1.8758548581939112,-155209.11934033103,0.0
0.6369583217842001,0.5035351755027683,3.095794016858398,5.010053312455932,0.8016365043037232,0.04172394252014053,1.8758548581939112,-155209.11934033103,0.0
0.6369583217842001,0.5035351755027683,3.095794016858398,5.010053312455932,0.8016365043037232,0.04172394252014053,1.8758548581939112,-155209.11934033103,0.0
0.6369583217842001,0.5035351755027683,3.095794016858398,5.010053312455932,0.8016365043037232,0.04172394252014053,1.8758548581939112,-155209.11934033103,0.0
0.6369583217842001,0.5035351755027683,3.095794016858398,5.010053312455932,0.8016365043037232,0.04172394252014053,1.8758548581939112,-155209.11934033103,0.0
0.6369583217842001,0.5035351755027683,3.095794016858398,5.010053312455932,0.8016365043037232,0.04172394252014053,1.8758548581939112,-155209.11934033103,0.0
0.6369583217842001,0.5035351755027683,3.095794016858398,5.010053312455932,0.8016365043037232,0.04172394252014053,1.8758548581939112,-155209.11934033103,0.0
0.6369583217842001,0.5035351755027683,3.095794016858398,5.010053312455932,0.8016365043037232,0.04172394252014053,1.8758548581939112,-155209.11934033103,0.0
0.6369583217842001,0.5035351755027683,3.095794016858398,5.010053312455932,0.8016365043037232,0.04172394252014053,1.8758548581939112,-155209.11934033103,0.0
0.6369583217842001,0.5035351755027683,3.095794016858398,5.010053312455932,0.8016365043037232,0.04172394252014053,1.8758548581939112,-155209.11934033103,0.0
0.5593569575044512,0.5169807385378984,3.0953200262360605,5.456933150836067,0.8871203205242979,-0.07817608599231586,1.8496072106395223,-154915.51795670812,1.0
0.5092302815612347,0.4752447014292002,3.1033547996701727,4.922223498966874,0.7933992422497749,0.04308057488848563,1.828480190032393,-154157.3195413694,1.0
0.5092302815612347,0.4752447014292002,3.1033547996701727,4.922223498966874,0.7933992422497749,0.04308057488848563,1.828480190032393,-154157.3195413694,0.0
0.5092302815612347,0.4752447014292002,3.1033547996701727,4.922223498966874,0.7933992422497749,0.04308057488848563,1.828480190032393,-154157.3195413694,0.0
0.5092302815612347,0.4752447014292002,3.1033547996701727,4.922223498966874,0.7933992422497749,0.04308057488848563,1.828480190032393,-154157.3195413694,0.0
0.5092302815612347,0.4752447014292002,3.1033547996701727,4.922223498966874,0.7933992422497749,0.04308057488848563,1.828480190032393,-154157.3195413694,0.0
0.5092302815612347,0.4752447014292002,3.1033547996701727,4.922223498966874,0.7933992422497749,0.04308057488848563,1.828480190032393,-154157.3195413694,0.0
0.5092302815612347,0.4752447014292002,3.1033547996701727,4.922223498966874,0.7933992422497749,0.04308057488848563,1.828480190032393,-154157.3195413694,0.0
0.5092302815612347,0.4752447014292002,3.1033547996701727,4.922223498966874,0.7933992422497749,0.04308057488848563,1.828480190032393,-154157.3195413694,0.0
0.5092302815612347,0.4752447014292002,3.1033547996701727,4.922223498966874,0.7933992422497749,0.04308057488848563,1.828480190032393,-154157.3195413694,0.0
0.5092302815612347,0.4752447014292002,3.1033547996701727,4.922223498966874,0.7933992422497749,0.04308057488848563,1.828480190032393,-154157.3195413694,0.0
0.5092302815612347,0.4752447014292002,3.1033547996701727,4.922223498966874,0.7933992422497749,0.04308057488848563,1.828480190032393,-154157.3195413694,0.0
0.5092302815612347,0.4752447014292002,3.1033547996701727,4.922223498966874,0.7933992422497749,0.04308057488848563,1.828480190032393,-154157.3195413694,0.0
0.5092302815612347,0.4752447014292002,3.1033547996701727,4.922223498966874,0.7933992422497749,0.04308057488848563,1.828480190032393,-154157.3195413694,0.0
0.4488723175994229,0.49394438082739867,3.103382932942941,4.876092944605308,0.7833493421589635,0.03471653613599264,1.7647942732944557,-153821.2569453509,1.0
0.4488723175994229,0.49394438082739867,3.103382932942941,4.876092944605308,0.7833493421589635,0.03471653613599264,1.7647942732944557,-153821.2569453509,0.0
0.4488723175994229,0.49394438082739867,3.103382932942941,4.876092944605308,0.7833493421589635,0.03471653613599264,1.7647942732944557,-153821.2569453509,0.0
0.4488723175994229,0.49394438082739867,3.103382932942941,4.876092944605308,0.7833493421589635,0.03471653613599264,1.7647942732944557,-153821.2569453509,0.0
0.4488723175994229,0.49394438082739867,3.103382932942941,4.876092944605308,0.7833493421589635,0.03471653613599264,1.7647942732944557,-153821.2569453509,0.0
0.4488723175994229,0.49394438082739867,3.103382932942941,4.876092944605308,0.7833493421589635,0.03471653613599264,1.7647942732944557,-153821.2569453509,0.0
0.4488723175994229,0.49394438082739867,3.103382932942941,4.876092944605308,0.7833493421589635,0.03471653613599264,1.7647942732944557,-153821.2569453509,0.0
0.4488723175994229,0.49394438082739867,3.103382932942941,4.876092944605308,0.7833493421589635,0.03471653613599264,1.7647942732944557,-153821.2569453509,0.0
0.4488723175994229,0.49394438082739867,3.103382932942941,4.876092944605308,0.7833493421589635,0.03471653613599264,1.7647942732944557,-153821.2569453509,0.0
-0.17518291505331995,0.5594654072349747,3.109815349685583,4.651717793279611,0.7484794667469166,0.05910446210926955,1.6717869432345602,-152126.13812170603,1.0
-0.17518291505331995,0.5594654072349747,3.109815349685583,4.651717793279611,0.7484794667469166,0.05910446210926955,1.6717869432345602,-152126.13812170603,0.0
-0.17518291505331995,0.5594654072349747,3.109815349685583,4.651717793279611,0.7484794667469166,0.05910446210926955,1.6717869432345602,-152126.13812170603,0.0
-0.17518291505331995,0.5594654072349747,3.109815349685583,4.651717793279611,0.7484794667469166,0.05910446210926955,1.6717869432345602,-152126.13812170603,0.0
-0.17518291505331995,0.5594654072349747,3.109815349685583,4.651717793279611,0.7484794667469166,0.05910446210926955,1.6717869432345602,-152126.13812170603,0.0
-0.17518291505331995,0.5594654072349747,3.109815349685583,4.651717793279611,0.7484794667469166,0.05910446210926955,1.6717869432345602,-152126.13812170603,0.0
-0.17518291505331995,0.5594654072349747,3.109815349685583,4.651717793279611,0.7484794667469166,0.05910446210926955,1.6717869432345602,-152126.13812170603,0.0
-0.17518291505331995,0.5594654072349747,3.109815349685583,4.651717793279611,0.7484794667469166,0.05910446210926955,1.6717869432345602,-152126.13812170603,0.0
-0.17518291505331995,0.5594654072349747,3.109815349685583,4.651717793279611,0.7484794667469166,0.05910446210926955,1.6717869432345602,-152126.13812170603,0.0
-0.17518291505331995,0.5594654072349747,3.109815349685583,4.651717793279611,0.7484794667469166,0.05910446210926955,1.6717869432345602,-152126.13812170603,0.0
-0.17518291505331995,0.5594654072349747,3.109815349685583,4.651717793279611,0.7484794667469166,0.05910446210926955,1.6717869432345602,-152126.13812170603,0.0
-0.17518291505331995,0.5594654072349747,3.109815349685583,4.651717793279611,0.7484794667469166,0.05910446210926955,1.6717869432345602,-152126.13812170603,0.0
-0.17518291505331995,0.5594654072349747,3.109815349685583,4.651717793279611,0.7484794667469166,0.05910446210926955,1.6717869432345602,-152126.13812170603,0.0
-0.17518291505331995,0.5594654072349747,3.109815349685583,4.651717793279611,0.7484794667469166,0.05910446210926955,1.6717869432345602,-152126.13812170603,0.0
-0.17518291505331995,0.5594654072349747,3.109815349685583,4.651717793279611,0.7484794667469166,0.05910446210926955,1.6717869432345602,-152126.13812170603,0.0
-0.17518291505331995,0.5594654072349747,3.109815349685583,4.651717793279611,0.7484794667469166,0.05910446210926955,1.6717869432345602,-152126.13812170603,0.0
-0.17518291505331995,0.5594654072349747,3.109815349685583,4.651717793279611,0.7484794667469166,0.05910446210926955,1.6717869432345602,-152126.13812170603,0.0
-0.17518291505331995,0.5594654072349747,3.109815349685583,4.651717793279611,0.7484794667469166,0.05910446210926955,1.6717869432345602,-152126.13812170603,0.0
-0.17518291505331995,0.5594654072349747,3.109815349685583,4.651717793279611,0.7484794667469166,0.05910446210926955,1.6717869432345602,-152126.13812170603,0.0
-0.17518291505331995,0.5594654072349747,3.109815349685583,4.651717793279611,0.7484794667469166,0.05910446210926955,1.6717869432345602,-152126.13812170603,0.0
-0.17518291505331995,0.5594654072349747,3.109815349685583,4.651717793279611,0.7484794667469166,0.05910446210926955,1.6717869432345602,-152126.13812170603,0.0
-0.17518291505331995,0.5594654072349747,3.109815349685583,4.651717793279611,0.7484794667469166,0.05910446210926955,1.6717869432345602,-152126.13812170603,0.0
-0.17518291505331995,0.5594654072349747,3.109815349685583,4.651717793279611,0.7484794667469166,0.05910446210926955,1.6717869432345602,-152126.13812170603,0.0
-0.17518291505331995,0.5594654072349747,3.109815349685583,4.651717793279611,0.7484794667469166,0.05910446210926955,1.6717869432345602,-152126.13812170603,0.0
-0.17518291505331995,0.5594654072349747,3.109815349685583,4.651717793279611,0.7484794667469166,0.05910446210926955,1.6717869432345602,-152126.13812170603,0.0
-0.17518291505331995,0.5594654072349747,3.109815349685583,4.651717793279611,0.7484794667469166,0.05910446210926955,1.6717869432345602,-152126.13812170603,0.0
-0.17518291505331995,0.5594654072349747,3.109815349685583,4.651717793279611,0.7484794667469166,0.05910446210926955,1.6717869432345602,-152126.13812170603,0.0
-0.17518291505331995,0.5594654072349747,3.109815349685583,4.651717793279611,0.7484794667469166,0.05910446210926955,1.6717869432345602,-152126.13812170603,0.0
-0.17518291505331995,0.5594654072349747,3.109815349685583,4.651717793279611,0.7484794667469166,0.05910446210926955,1.6717869432345602,-152126.13812170603,0.0
-0.17518291505331995,0.5594654072349747,3.109815349685583,4.651717793279611,0.7484794667469166,0.05910446210926955,1.6717869432345602,-152126.13812170603,0.0
-0.17518291505331995,0.5594654072349747,3.109815349685583,4.651717793279611,0.7484794667469166,0.05910446210926955,1.6717869432345602,-152126.13812170603,0.0
-0.17518291505331995,0.5594654072349747,3.109815349685583,4.651717793279611,0.7484794667469166,0.05910446210926955,1.6717869432345602,-152126.13812170603,0.0
-0.17518291505331995,0.5594654072349747,3.109815349685583,4.651717793279611,0.7484794667469166,0.05910446210926955,1.6717869432345602,-152126.13812170603,0.0
-0.17518291505331995,0.5594654072349747,3.109815349685583,4.651717793279611,0.7484794667469166,0.05910446210926955,1.6717869432345602,-152126.13812170603,0.0
-0.17518291505331995,0.5594654072349747,3.109815349685583,4.651717793279611,0.7484794667469166,0.05910446210926955,1.6717869432345602,-152126.13812170603,0.0
-0.17518291505331995,0.5594654072349747,3.109815349685583,4.651717793279611,0.7484794667469166,0.05910446210926955,1.6717869432345602,-152126.13812170603,0.0
-0.17518291505331995,0.5594654072349747,3.109815349685583,4.651717793279611,0.7484794667469166,0.05910446210926955,1.6717869432345602,-152126.13812170603,0.0
-0.17518291505331995,0.5594654072349747,3.109815349685583,4.651717793279611,0.7484794667469166,0.05910446210926955,1.6717869432345602,-152126.13812170603,0.0
-0.17518291505331995,0.5594654072349747,3.109815349685583,4.651717793279611,0.7484794667469166,0.05910446210926955,1.6717869432345602,-152126.13812170603,0.0
-0.17518291505331995,0.5594654072349747,3.109815349685583,4.651717793279611,0.7484794667469166,0.05910446210926955,1.6717869432345602,-152126.13812170603,0.0
-0.17518291505331995,0.5594654072349747,3.109815349685583,4.651717793279611,0.7484794667469166,0.05910446210926955,1.6717869432345602,-152126.13812170603,0.0
-0.17518291505331995,0.5594654072349747,3.109815349685583,4.651717793279611,0.7484794667469166,0.05910446210926955,1.6717869432345602,-152126.13812170603,0.0
-0.17518291505331995,0.5594654072349747,3.109815349685583,4.651717793279611,0.7484794667469166,0.05910446210926955,1.6717869432345602,-152126.13812170603,0.0
-0.17518291505331995,0.5594654072349747,3.109815349685583,4.651717793279611,0.7484794667469166,0.05910446210926955,1.6717869432345602,-152126.13812170603,0.0
-0.17518291505331995,0.5594654072349747,3.109815349685583,4.651717793279611,0.7484794667469166,0.05910446210926955,1.6717869432345602,-152126.13812170603,0.0
-0.17518291505331995,0.5594654072349747,3.109815349685583,4.651717793279611,0.7484794667469166,0.05910446210926955,1.6717869432345602,-152126.13812170603,0.0
-0.17518291505331995,0.5594654072349747,3.109815349685583,4.651717793279611,0.7484794667469166,0.05910446210926955,1.6717869432345602,-152126.13812170603,0.0
-0.17518291505331995,0.5594654072349747,3.109815349685583,4.651717793279611,0.7484794667469166,0.05910446210926955,1.6717869432345602,-152126.13812170603,0.0
-0.17518291505331995,0.5594654072349747,3.109815349685583,4.651717793279611,0.7484794667469166,0.05910446210926955,1.6717869432345602,-152126.13812170603,0.0
-0.17518291505331995,0.5594654072349747,3.109815349685583,4.651717793279611,0.7484794667469166,0.05910446210926955,1.6717869432345602,-152126.13812170603,0.0
-0.17518291505331995,0.5594654072349747,3.109815349685583,4.651717793279611,0.7484794667469166,0.05910446210926955,1.6717869432345602,-152126.13812170603,0.0
-0.17518291505331995,0.5594654072349747,3.109815349685583,4.651717793279611,0.7484794667469166,0.05910446210926955,1.6717869432345602,-152126.13812170603,0.0
-0.17518291505331995,0.5594654072349747,3.109815349685583,4.651717793279611,0.7484794667469166,0.05910446210926955,1.6717869432345602,-152126.13812170603,0.0
-0.17518291505331995,0.5594654072349747,3.109815349685583,4.651717793279611,0.7484794667469166,0.05910446210926955,1.6717869432345602,-152126.13812170603,0.0
-0.17518291505331995,0.5594654072349747,3.109815349685583,4.651717793279611,0.7484794667469166,0.05910446210926955,1.6717869432345602,-152126.13812170603,0.0
-0.17518291505331995,0.5594654072349747,3.109815349685583,4.651717793279611,0.7484794667469166,0.05910446210926955,1.6717869432345602,-152126.13812170603,0.0
-0.17518291505331995,0.5594654072349747,3.109815349685583,4.651717793279611,0.7484794667469166,0.05910446210926955,1.6717869432345602,-152126.13812170603,0.0
-0.17518291505331995,0.5594654072349747,3.109815349685583,4.651717793279611,0.7484794667469166,0.05910446210926955,1.6717869432345602,-152126.13812170603,0.0
-0.17518291505331995,0.5594654072349747,3.109815349685583,4.651717793279611,0.7484794667469166,0.05910446210926955,1.6717869432345602,-152126.13812170603,0.0
-0.314288764219,0.5685394015039407,3.1109416164792676,4.129557100393518,0.6509213173307031,0.17927027740094842,1.6765159277876207,-151739.52896231224,1.0
-0.314288764219,0.5685394015039407,3.1109416164792676,4.129557100393518,0.6509213173307031,0.17927027740094842,1.6765159277876207,-151739.52896231224,0.0
-0.314288764219,0.5685394015039407,3.1109416164792676,4.129557100393518,0.6509213173307031,0.17927027740094842,1.6765159277876207,-151739.52896231224,0.0
-0.5131457309758023,0.5677999983477665,3.106637854952489,4.294654745689521,0.6790289845937757,0.12939419385953108,1.6962660190625973,-150817.23719271255,1.0
-0.5131457309758023,0.5677999983477665,3.106637854952489,4.294654745689521,0.6790289845937757,0.12939419385953108,1.6962660190625973,-150817.23719271255,0.0
-0.5131457309758023,0.5677999983477665,3.106637854952489,4.294654745689521,0.6790289845937757,0.12939419385953108,1.6962660190625973,-150817.23719271255,0.0
-0.5131457309758023,0.5677999983477665,3.106637854952489,4.294654745689521,0.6790289845937757,0.12939419385953108,1.6962660190625973,-150817.23719271255,0.0
-0.5131457309758023,0.5677999983477665,3.106637854952489,4.294654745689521,0.6790289845937757,0.12939419385953108,1.6962660190625973,-150817.23719271255,0.0
-0.5131457309758023,0.5677999983477665,3.106637854952489,4.294654745689521,0.6790289845937757,0.12939419385953108,1.6962660190625973,-150817.23719271255,0.0
-0.5131457309758023,0.5677999983477665,3.106637854952489,4.294654745689521,0.6790289845937757,0.12939419385953108,1.6962660190625973,-150817.23719271255,0.0
-0.5131457309758023,0.5677999983477665,3.106637854952489,4.294654745689521,0.6790289845937757,0.12939419385953108,1.6962660190625973,-150817.23719271255,0.0
-0.5131457309758023,0.5677999983477665,3.106637854952489,4.294654745689521,0.6790289845937757,0.12939419385953108,1.6962660190625973,-150817.23719271255,0.0
-0.5131457309758023,0.5677999983477665,3.106637854952489,4.294654745689521,0.6790289845937757,0.12939419385953108,1.6962660190625973,-150817.23719271255,0.0
-0.5131457309758023,0.5677999983477665,3.106637854952489,4.294654745689521,0.6790289845937757,0.12939419385953108,1.6962660190625973,-150817.23719271255,0.0
-0.5131457309758023,0.5677999983477665,3.106637854952489,4.294654745689521,0.6790289845937757,0.12939419385953108,1.6962660190625973,-150817.23719271255,0.0
-0.6445928891250177,0.5962952199801861,3.1082764552392077,4.391960697916826,0.7006510875528351,0.07486671308453725,1.656851775905485,-150237.08214085424,1.0
-0.6445928891250177,0.5962952199801861,3.1082764552392077,4.391960697916826,0.7006510875528351,0.07486671308453725,1.656851775905485,-150237.08214085424,0.0
-0.6445928891250177,0.5962952199801861,3.1082764552392077,4.391960697916826,0.7006510875528351,0.07486671308453725,1.656851775905485,-150237.08214085424,0.0
-0.6445928891250177,0.5962952199801861,3.1082764552392077,4.391960697916826,0.7006510875528351,0.07486671308453725,1.656851775905485,-150237.08214085424,0.0
-0.6445928891250177,0.5962952199801861,3.1082764552392077,4.391960697916826,0.7006510875528351,0.07486671308453725,1.656851775905485,-150237.08214085424,0.0
-0.6445928891250177,0.5962952199801861,3.1082764552392077,4.391960697916826,0.7006510875528351,0.07486671308453725,1.656851775905485,-150237.08214085424,0.0
-0.6445928891250177,0.5962952199801861,3.1082764552392077,4.391960697916826,0.7006510875528351,0.07486671308453725,1.656851775905485,-150237.08214085424,0.0
-0.6445928891250177,0.5962952199801861,3.1082764552392077,4.391960697916826,0.7006510875528351,0.07486671308453725,1.656851775905485,-150237.08214085424,0.0
-0.6445928891250177,0.5962952199801861,3.1082764552392077,4.391960697916826,0.7006510875528351,0.07486671308453725,1.656851775905485,-150237.08214085424,0.0
-0.6445928891250177,0.5962952199801861,3.1082764552392077,4.391960697916826,0.7006510875528351,0.07486671308453725,1.656851775905485,-150237.08214085424,0.0
-0.6445928891250177,0.5962952199801861,3.1082764552392077,4.391960697916826,0.7006510875528351,0.07486671308453725,1.656851775905485,-150237.08214085424,0.0
-0.6445928891250177,0.5962952199801861,3.1082764552392077,4.391960697916826,0.7006510875528351,0.07486671308453725,1.656851775905485,-150237.08214085424,0.0
-0.6445928891250177,0.5962952199801861,3.1082764552392077,4.391960697916826,0.7006510875528351,0.07486671308453725,1.656851775905485,-150237.08214085424,0.0
-0.6445928891250177,0.5962952199801861,3.1082764552392077,4.391960697916826,0.7006510875528351,0.07486671308453725,1.656851775905485,-150237.08214085424,0.0
-0.6445928891250177,0.5962952199801861,3.1082764552392077,4.391960697916826,0.7006510875528351,0.07486671308453725,1.656851775905485,-150237.08214085424,0.0
-0.6445928891250177,0.5962952199801861,3.1082764552392077,4.391960697916826,0.7006510875528351,0.07486671308453725,1.656851775905485,-150237.08214085424,0.0
-0.6445928891250177,0.5962952199801861,3.1082764552392077,4.391960697916826,0.7006510875528351,0.07486671308453725,1.656851775905485,-150237.08214085424,0.0
-0.6445928891250177,0.5962952199801861,3.1082764552392077,4.391960697916826,0.7006510875528351,0.07486671308453725,1.656851775905485,-150237.08214085424,0.0
-0.6445928891250177,0.5962952199801861,3.1082764552392077,4.391960697916826,0.7006510875528351,0.07486671308453725,1.656851775905485,-150237.08214085424,0.0
-0.6445928891250177,0.5962952199801861,3.1082764552392077,4.391960697916826,0.7006510875528351,0.07486671308453725,1.656851775905485,-150237.08214085424,0.0
-0.6445928891250177,0.5962952199801861,3.1082764552392077,4.391960697916826,0.7006510875528351,0.07486671308453725,1.656851775905485,-150237.08214085424,0.0
-0.6445928891250177,0.5962952199801861,3.1082764552392077,4.391960697916826,0.7006510875528351,0.07486671308453725,1.656851775905485,-150237.08214085424,0.0
-0.6445928891250177,0.5962952199801861,3.1082764552392077,4.391960697916826,0.7006510875528351,0.07486671308453725,1.656851775905485,-150237.08214085424,0.0
-0.6445928891250177,0.5962952199801861,3.1082764552392077,4.391960697916826,0.7006510875528351,0.07486671308453725,1.656851775905485,-150237.08214085424,0.0
-0.6445928891250177,0.5962952199801861,3.1082764552392077,4.391960697916826,0.7006510875528351,0.07486671308453725,1.656851775905485,-150237.08214085424,0.0
-0.9179159155922947,0.616760028021512,3.1153510219430514,4.314560413699246,0.6896141378949915,0.07155284739315512,1.603868939150157,-148714.9505228802,1.0
-0.9179159155922947,0.616760028021512,3.1153510219430514,4.314560413699246,0.6896141378949915,0.07155284739315512,1.603868939150157,-148714.9505228802,0.0
-0.9179159155922947,0.616760028021512,3.1153510219430514,4.314560413699246,0.6896141378949915,0.07155284739315512,1.603868939150157,-148714.9505228802,0.0
-0.9179159155922947,0.616760028021512,3.1153510219430514,4.314560413699246,0.6896141378949915,0.07155284739315512,1.603868939150157,-148714.9505228802,0.0
-0.9179159155922947,0.616760028021512,3.1153510219430514,4.314560413699246,0.6896141378949915,0.07155284739315512,1.603868939150157,-148714.9505228802,0.0
-0.9179159155922947,0.616760028021512,3.1153510219430514,4.314560413699246,0.6896141378949915,0.07155284739315512,1.603868939150157,-148714.9505228802,0.0
-0.9179159155922947,0.616760028021512,3.1153510219430514,4.314560413699246,0.6896141378949915,0.07155284739315512,1.603868939150157,-148714.9505228802,0.0
-1.0789870431766382,0.6238328219552365,3.1138428333606614,4.411636727179121,0.712869567911792,0.037257415620055974,1.6073620406073008,-147929.7588276079,1.0
-1.0789870431766382,0.6238328219552365,3.1138428333606614,4.411636727179121,0.712869567911792,0.037257415620055974,1.6073620406073008,-147929.7588276079,0.0
-1.0789870431766382,0.6238328219552365,3.1138428333606614,4.411636727179121,0.712869567911792,0.037257415620055974,1.6073620406073008,-147929.7588276079,0.0
-1.0789870431766382,0.6238328219552365,3.1138428333606614,4.411636727179121,0.712869567911792,0.037257415620055974,1.6073620406073008,-147929.7588276079,0.0
-1.0789870431766382,0.6238328219552365,3.1138428333606614,4.411636727179121,0.712869567911792,0.037257415620055974,1.6073620406073008,-147929.7588276079,0.0
-1.3096433504710467,0.6746339342939398,3.1046055191098856,3.8183295777800432,0.5999089494070543,0.2050400690137999,1.5919433405614898,-147363.7623176868,1.0
-1.3096433504710467,0.6746339342939398,3.1046055191098856,3.8183295777800432,0.5999089494070543,0.2050400690137999,1.5919433405614898,-147363.7623176868,0.0
-1.3096433504710467,0.6746339342939398,3.1046055191098856,3.8183295777800432,0.5999089494070543,0.2050400690137999,1.5919433405614898,-147363.7623176868,0.0
-1.3096433504710467,0.6746339342939398,3.1046055191098856,3.8183295777800432,0.5999089494070543,0.2050400690137999,1.5919433405614898,-147363.7623176868,0.0
-1.3096433504710467,0.6746339342939398,3.1046055191098856,3.8183295777800432,0.5999089494070543,0.2050400690137999,1.5919433405614898,-147363.7623176868,0.0
-1.3096433504710467,0.6746339342939398,3.1046055191098856,3.8183295777800432,0.5999089494070543,0.2050400690137999,1.5919433405614898,-147363.7623176868,0.0
-1.3096433504710467,0.6746339342939398,3.1046055191098856,3.8183295777800432,0.5999089494070543,0.2050400690137999,1.5919433405614898,-147363.7623176868,0.0
-1.3096433504710467,0.6746339342939398,3.1046055191098856,3.8183295777800432,0.5999089494070543,0.2050400690137999,1.5919433405614898,-147363.7623176868,0.0
-1.3096433504710467,0.6746339342939398,3.1046055191098856,3.8183295777800432,0.5999089494070543,0.2050400690137999,1.5919433405614898,-147363.7623176868,0.0
-1.2908501289338687,0.6523420915116018,3.1018478130799005,4.396251424764558,0.7043294220943688,0.06776499038618941,1.5792750275935328,-147038.05800454173,1.0
-1.2908501289338687,0.6523420915116018,3.1018478130799005,4.396251424764558,0.7043294220943688,0.06776499038618941,1.5792750275935328,-147038.05800454173,0.0
-1.5674745098578495,0.6857894254036199,3.105121894283066,4.323910735210639,0.689280125905876,0.09596240498862371,1.592734986202756,-146115.40600346282,1.0
-1.5674745098578495,0.6857894254036199,3.105121894283066,4.323910735210639,0.689280125905876,0.09596240498862371,1.592734986202756,-146115.40600346282,0.0
-1.5674745098578495,0.6857894254036199,3.105121894283066,4.323910735210639,0.689280125905876,0.09596240498862371,1.592734986202756,-146115.40600346282,0.0
-1.5674745098578495,0.6857894254036199,3.105121894283066,4.323910735210639,0.689280125905876,0.09596240498862371,1.592734986202756,-146115.40600346282,0.0
-1.5674745098578495,0.6857894254036199,3.105121894283066,4.323910735210639,0.689280125905876,0.09596240498862371,1.592734986202756,-146115.40600346282,0.0
-1.5674745098578495,0.6857894254036199,3.105121894283066,4.323910735210639,0.689280125905876,0.09596240498862371,1.592734986202756,-146115.40600346282,0.0
-1.5674745098578495,0.6857894254036199,3.105121894283066,4.323910735210639,0.689280125905876,0.09596240498862371,1.592734986202756,-146115.40600346282,0.0
-1.5674745098578495,0.6857894254036199,3.105121894283066,4.323910735210639,0.689280125905876,0.09596240498862371,1.592734986202756,-146115.40600346282,0.0
-1.5674745098578495,0.6857894254036199,3.105121894283066,4.323910735210639,0.689280125905876,0.09596240498862371,1.592734986202756,-146115.40600346282,0.0
-1.5674745098578495,0.6857894254036199,3.105121894283066,4.323910735210639,0.689280125905876,0.09596240498862371,1.592734986202756,-146115.40600346282,0.0
-1.5674745098578495,0.6857894254036199,3.105121894283066,4.323910735210639,0.689280125905876,0.09596240498862371,1.592734986202756,-146115.40600346282,0.0
-1.5674745098578495,0.6857894254036199,3.105121894283066,4.323910735210639,0.689280125905876,0.09596240498862371,1.592734986202756,-146115.40600346282,0.0
-1.5674745098578495,0.6857894254036199,3.105121894283066,4.323910735210639,0.689280125905876,0.09596240498862371,1.592734986202756,-146115.40600346282,0.0
-1.5674745098578495,0.6857894254036199,3.105121894283066,4.323910735210639,0.689280125905876,0.09596240498862371,1.592734986202756,-146115.40600346282,0.0
-1.5674745098578495,0.6857894254036199,3.105121894283066,4.323910735210639,0.689280125905876,0.09596240498862371,1.592734986202756,-146115.40600346282,0.0
-1.5674745098578495,0.6857894254036199,3.105121894283066,4.323910735210639,0.689280125905876,0.09596240498862371,1.592734986202756,-146115.40600346282,0.0
-1.5674745098578495,0.6857894254036199,3.105121894283066,4.323910735210639,0.689280125905876,0.09596240498862371,1.592734986202756,-146115.40600346282,0.0
-1.5674745098578495,0.6857894254036199,3.105121894283066,4.323910735210639,0.689280125905876,0.09596240498862371,1.592734986202756,-146115.40600346282,0.0
-1.5674745098578495,0.6857894254036199,3.105121894283066,4.323910735210639,0.689280125905876,0.09596240498862371,1.592734986202756,-146115.40600346282,0.0
-1.5674745098578495,0.6857894254036199,3.105121894283066,4.323910735210639,0.689280125905876,0.09596240498862371,1.592734986202756,-146115.40600346282,0.0
-1.5674745098578495,0.6857894254036199,3.105121894283066,4.323910735210639,0.689280125905876,0.09596240498862371,1.592734986202756,-146115.40600346282,0.0
-1.5674745098578495,0.6857894254036199,3.105121894283066,4.323910735210639,0.689280125905876,0.09596240498862371,1.592734986202756,-146115.40600346282,0.0
-1.5674745098578495,0.6857894254036199,3.105121894283066,4.323910735210639,0.689280125905876,0.09596240498862371,1.592734986202756,-146115.40600346282,0.0
-1.5674745098578495,0.6857894254036199,3.105121894283066,4.323910735210639,0.689280125905876,0.09596240498862371,1.592734986202756,-146115.40600346282,0.0
-1.5674745098578495,0.6857894254036199,3.105121894283066,4.323910735210639,0.689280125905876,0.09596240498862371,1.592734986202756,-146115.40600346282,0.0
-1.5674745098578495,0.6857894254036199,3.105121894283066,4.323910735210639,0.689280125905876,0.09596240498862371,1.592734986202756,-146115.40600346282,0.0
-1.5674745098578495,0.6857894254036199,3.105121894283066,4.323910735210639,0.689280125905876,0.09596240498862371,1.592734986202756,-146115.40600346282,0.0
-1.5674745098578495,0.6857894254036199,3.105121894283066,4.323910735210639,0.689280125905876,0.09596240498862371,1.592734986202756,-146115.40600346282,0.0
-1.5674745098578495,0.6857894254036199,3.105121894283066,4.323910735210639,0.689280125905876,0.09596240498862371,1.592734986202756,-146115.40600346282,0.0
-1.5674745098578495,0.6857894254036199,3.105121894283066,4.323910735210639,0.689280125905876,0.09596240498862371,1.592734986202756,-146115.40600346282,0.0
-1.5674745098578495,0.6857894254036199,3.105121894283066,4.323910735210639,0.689280125905876,0.09596240498862371,1.592734986202756,-146115.40600346282,0.0
-1.5674745098578495,0.6857894254036199,3.105121894283066,4.323910735210639,0.689280125905876,0.09596240498862371,1.592734986202756,-146115.40600346282,0.0
-1.5674745098578495,0.6857894254036199,3.105121894283066,4.323910735210639,0.689280125905876,0.09596240498862371,1.592734986202756,-146115.40600346282,0.0
-1.9506130192362383,0.6754038798891058,3.110310230879883,4.345483943562061,0.6959167484956678,0.08409344000010038,1.623233323758164,-144402.14959055258,1.0
-1.9506130192362383,0.6754038798891058,3.110310230879883,4.345483943562061,0.6959167484956678,0.08409344000010038,1.623233323758164,-144402.14959055258,0.0
-1.9506130192362383,0.6754038798891058,3.110310230879883,4.345483943562061,0.6959167484956678,0.08409344000010038,1.623233323758164,-144402.14959055258,0.0
-2.0853594298508167,0.6900800765274306,3.1143077512160855,4.746653789413477,0.7692667165345883,0.0034651536695068375,1.6034261444036302,-143787.92821816224,1.0
-2.0853594298508167,0.6900800765274306,3.1143077512160855,4.746653789413477,0.7692667165345883,0.0034651536695068375,1.6034261444036302,-143787.92821816224,0.0
-2.606866305139467,0.733305159584836,3.11373787644713,5.241660367039149,0.8592488483799386,-0.12626834394032133,1.5416470224403673,-141637.3715466227,1.0
-2.606866305139467,0.733305159584836,3.11373787644713,5.241660367039149,0.8592488483799386,-0.12626834394032133,1.5416470224403673,-141637.3715466227,0.0
-2.606866305139467,0.733305159584836,3.11373787644713,5.241660367039149,0.8592488483799386,-0.12626834394032133,1.5416470224403673,-141637.3715466227,0.0
-2.606866305139467,0.733305159584836,3.11373787644713,5.241660367039149,0.8592488483799386,-0.12626834394032133,1.5416470224403673,-141637.3715466227,0.0
-2.606866305139467,0.733305159584836,3.11373787644713,5.241660367039149,0.8592488483799386,-0.12626834394032133,1.5416470224403673,-141637.3715466227,0.0
-2.606866305139467,0.733305159584836,3.11373787644713,5.241660367039149,0.8592488483799386,-0.12626834394032133,1.5416470224403673,-141637.3715466227,0.0
-2.606866305139467,0.733305159584836,3.11373787644713,5.241660367039149,0.8592488483799386,-0.12626834394032133,1.5416470224403673,-141637.3715466227,0.0
-2.606866305139467,0.733305159584836,3.11373787644713,5.241660367039149,0.8592488483799386,-0.12626834394032133,1.5416470224403673,-141637.3715466227,0.0
-2.606866305139467,0.733305159584836,3.11373787644713,5.241660367039149,0.8592488483799386,-0.12626834394032133,1.5416470224403673,-141637.3715466227,0.0
-2.606866305139467,0.733305159584836,3.11373787644713,5.241660367039149,0.8592488483799386,-0.12626834394032133,1.5416470224403673,-141637.3715466227,0.0
-2.606866305139467,0.733305159584836,3.11373787644713,5.241660367039149,0.8592488483799386,-0.12626834394032133,1.5416470224403673,-141637.3715466227,0.0
-2.606866305139467,0.733305159584836,3.11373787644713,5.241660367039149,0.8592488483799386,-0.12626834394032133,1.5416470224403673,-141637.3715466227,0.0
-2.606866305139467,0.733305159584836,3.11373787644713,5.241660367039149,0.8592488483799386,-0.12626834394032133,1.5416470224403673,-141637.3715466227,0.0
-2.606866305139467,0.733305159584836,3.11373787644713,5.241660367039149,0.8592488483799386,-0.12626834394032133,1.5416470224403673,-141637.3715466227,0.0
-2.606866305139467,0.733305159584836,3.11373787644713,5.241660367039149,0.8592488483799386,-0.12626834394032133,1.5416470224403673,-141637.3715466227,0.0
-2.606866305139467,0.733305159584836,3.11373787644713,5.241660367039149,0.8592488483799386,-0.12626834394032133,1.5416470224403673,-141637.3715466227,0.0
-2.606866305139467,0.733305159584836,3.11373787644713,5.241660367039149,0.8592488483799386,-0.12626834394032133,1.5416470224403673,-141637.3715466227,0.0
-2.606866305139467,0.733305159584836,3.11373787644713,5.241660367039149,0.8592488483799386,-0.12626834394032133,1.5416470224403673,-141637.3715466227,0.0
-2.606866305139467,0.733305159584836,3.11373787644713,5.241660367039149,0.8592488483799386,-0.12626834394032133,1.5416470224403673,-141637.3715466227,0.0
-3.07878672633788,0.7638340033480708,3.112122335910727,5.516990977006669,0.9078604829558138,-0.19497388430255244,1.5279874868688907,-140406.33594147308,1.0
-3.07878672633788,0.7638340033480708,3.112122335910727,5.516990977006669,0.9078604829558138,-0.19497388430255244,1.5279874868688907,-140406.33594147308,0.0
-3.07878672633788,0.7638340033480708,3.112122335910727,5.516990977006669,0.9078604829558138,-0.19497388430255244,1.5279874868688907,-140406.33594147308,0.0
-3.07878672633788,0.7638340033480708,3.112122335910727,5.516990977006669,0.9078604829558138,-0.19497388430255244,1.5279874868688907,-140406.33594147308,0.0
-3.168484198751738,0.7384096968215624,3.1075666294556235,5.092069735541812,0.8323263569788493,-0.09509196647396877,1.5418033598438243,-140276.40536903992,1.0
-3.168484198751738,0.7384096968215624,3.1075666294556235,5.092069735541812,0.8323263569788493,-0.09509196647396877,1.5418033598438243,-140276.40536903992,0.0
-3.168484198751738,0.7384096968215624,3.1075666294556235,5.092069735541812,0.8323263569788493,-0.09509196647396877,1.5418033598438243,-140276.40536903992,0.0
-3.168484198751738,0.7384096968215624,3.1075666294556235,5.092069735541812,0.8323263569788493,-0.09509196647396877,1.5418033598438243,-140276.40536903992,0.0
-3.168484198751738,0.7384096968215624,3.1075666294556235,5.092069735541812,0.8323263569788493,-0.09509196647396877,1.5418033598438243,-140276.40536903992,0.0
-3.168484198751738,0.7384096968215624,3.1075666294556235,5.092069735541812,0.8323263569788493,-0.09509196647396877,1.5418033598438243,-140276.40536903992,0.0
-3.168484198751738,0.7384096968215624,3.1075666294556235,5.092069735541812,0.8323263569788493,-0.09509196647396877,1.5418033598438243,-140276.40536903992,0.0
-3.168484198751738,0.7384096968215624,3.1075666294556235,5.092069735541812,0.8323263569788493,-0.09509196647396877,1.5418033598438243,-140276.40536903992,0.0
-3.168484198751738,0.7384096968215624,3.1075666294556235,5.092069735541812,0.8323263569788493,-0.09509196647396877,1.5418033598438243,-140276.40536903992,0.0
-3.168484198751738,0.7384096968215624,3.1075666294556235,5.092069735541812,0.8323263569788493,-0.09509196647396877,1.5418033598438243,-140276.40536903992,0.0
-3.168484198751738,0.7384096968215624,3.1075666294556235,5.092069735541812,0.8323263569788493,-0.09509196647396877,1.5418033598438243,-140276.40536903992,0.0
-3.168484198751738,0.7384096968215624,3.1075666294556235,5.092069735541812,0.8323263569788493,-0.09509196647396877,1.5418033598438243,-140276.40536903992,0.0
-3.168484198751738,0.7384096968215624,3.1075666294556235,5.092069735541812,0.8323263569788493,-0.09509196647396877,1.5418033598438243,-140276.40536903992,0.0
-3.575966668542035,0.7662742453203222,3.108144267102952,5.838047172906647,0.9732128176772652,-0.2980675031796042,1.5337889521133363,-139546.3980725764,1.0
-3.575966668542035,0.7662742453203222,3.108144267102952,5.838047172906647,0.9732128176772652,-0.2980675031796042,1.5337889521133363,-139546.3980725764,0.0
-3.575966668542035,0.7662742453203222,3.108144267102952,5.838047172906647,0.9732128176772652,-0.2980675031796042,1.5337889521133363,-139546.3980725764,0.0
-3.401567936848665,0.7771312222824965,3.105305443086374,6.015037449822746,1.005273264527993,-0.3525418347209111,1.4836297445422215,-139420.09418201586,1.0
-3.401567936848665,0.7771312222824965,3.105305443086374,6.015037449822746,1.005273264527993,-0.3525418347209111,1.4836297445422215,-139420.09418201586,0.0
-3.401567936848665,0.7771312222824965,3.105305443086374,6.015037449822746,1.005273264527993,-0.3525418347209111,1.4836297445422215,-139420.09418201586,0.0
-3.401567936848665,0.7771312222824965,3.105305443086374,6.015037449822746,1.005273264527993,-0.3525418347209111,1.4836297445422215,-139420.09418201586,0.0
-3.401567936848665,0.7771312222824965,3.105305443086374,6.015037449822746,1.005273264527993,-0.3525418347209111,1.4836297445422215,-139420.09418201586,0.0
-3.401567936848665,0.7771312222824965,3.105305443086374,6.015037449822746,1.005273264527993,-0.3525418347209111,1.4836297445422215,-139420.09418201586,0.0
-3.401567936848665,0.7771312222824965,3.105305443086374,6.015037449822746,1.005273264527993,-0.3525418347209111,1.4836297445422215,-139420.09418201586,0.0
-3.401567936848665,0.7771312222824965,3.105305443086374,6.015037449822746,1.005273264527993,-0.3525418347209111,1.4836297445422215,-139420.09418201586,0.0
-3.401567936848665,0.7771312222824965,3.105305443086374,6.015037449822746,1.005273264527993,-0.3525418347209111,1.4836297445422215,-139420.09418201586,0.0
-3.401567936848665,0.7771312222824965,3.105305443086374,6.015037449822746,1.005273264527993,-0.3525418347209111,1.4836297445422215,-139420.09418201586,0.0
-3.401567936848665,0.7771312222824965,3.105305443086374,6.015037449822746,1.005273264527993,-0.3525418347209111,1.4836297445422215,-139420.09418201586,0.0
-3.401567936848665,0.7771312222824965,3.105305443086374,6.015037449822746,1.005273264527993,-0.3525418347209111,1.4836297445422215,-139420.09418201586,0.0
-3.401567936848665,0.7771312222824965,3.105305443086374,6.015037449822746,1.005273264527993,-0.3525418347209111,1.4836297445422215,-139420.09418201586,0.0
-3.401567936848665,0.7771312222824965,3.105305443086374,6.015037449822746,1.005273264527993,-0.3525418347209111,1.4836297445422215,-139420.09418201586,0.0
-3.401567936848665,0.7771312222824965,3.105305443086374,6.015037449822746,1.005273264527993,-0.3525418347209111,1.4836297445422215,-139420.09418201586,0.0
-3.401567936848665,0.7771312222824965,3.105305443086374,6.015037449822746,1.005273264527993,-0.3525418347209111,1.4836297445422215,-139420.09418201586,0.0
-3.401567936848665,0.7771312222824965,3.105305443086374,6.015037449822746,1.005273264527993,-0.3525418347209111,1.4836297445422215,-139420.09418201586,0.0
-3.5351641910440756,0.7873160248361216,3.1059705424123916,5.860679536414411,0.9791174970790146,-0.32253849679927005,1.4737947031028524,-139172.1630986342,1.0
-3.5351641910440756,0.7873160248361216,3.1059705424123916,5.860679536414411,0.9791174970790146,-0.32253849679927005,1.4737947031028524,-139172.1630986342,0.0
-3.5351641910440756,0.7873160248361216,3.1059705424123916,5.860679536414411,0.9791174970790146,-0.32253849679927005,1.4737947031028524,-139172.1630986342,0.0
-3.5351641910440756,0.7873160248361216,3.1059705424123916,5.860679536414411,0.9791174970790146,-0.32253849679927005,1.4737947031028524,-139172.1630986342,0.0
-3.5351641910440756,0.7873160248361216,3.1059705424123916,5.860679536414411,0.9791174970790146,-0.32253849679927005,1.4737947031028524,-139172.1630986342,0.0
-3.5351641910440756,0.7873160248361216,3.1059705424123916,5.860679536414411,0.9791174970790146,-0.32253849679927005,1.4737947031028524,-139172.1630986342,0.0
-3.5351641910440756,0.7873160248361216,3.1059705424123916,5.860679536414411,0.9791174970790146,-0.32253849679927005,1.4737947031028524,-139172.1630986342,0.0
-3.5351641910440756,0.7873160248361216,3.1059705424123916,5.860679536414411,0.9791174970790146,-0.32253849679927005,1.4737947031028524,-139172.1630986342,0.0
-3.5351641910440756,0.7873160248361216,3.1059705424123916,5.860679536414411,0.9791174970790146,-0.32253849679927005,1.4737947031028524,-139172.1630986342,0.0
-3.5351641910440756,0.7873160248361216,3.1059705424123916,5.860679536414411,0.9791174970790146,-0.32253849679927005,1.4737947031028524,-139172.1630986342,0.0
-3.5351641910440756,0.7873160248361216,3.1059705424123916,5.860679536414411,0.9791174970790146,-0.32253849679927005,1.4737947031028524,-139172.1630986342,0.0
-3.5351641910440756,0.7873160248361216,3.1059705424123916,5.860679536414411,0.9791174970790146,-0.32253849679927005,1.4737947031028524,-139172.1630986342,0.0
-3.5351641910440756,0.7873160248361216,3.1059705424123916,5.860679536414411,0.9791174970790146,-0.32253849679927005,1.4737947031028524,-139172.1630986342,0.0
-3.7797631411234827,0.8112456348222974,3.110916414546751,6.012629359481188,1.0074528767118893,-0.379754559560516,1.4498222845720359,-138736.18942022932,1.0
-3.7797631411234827,0.8112456348222974,3.110916414546751,6.012629359481188,1.0074528767118893,-0.379754559560516,1.4498222845720359,-138736.18942022932,0.0
-3.7797631411234827,0.8112456348222974,3.110916414546751,6.012629359481188,1.0074528767118893,-0.379754559560516,1.4498222845720359,-138736.18942022932,0.0
-3.7797631411234827,0.8112456348222974,3.110916414546751,6.012629359481188,1.0074528767118893,-0.379754559560516,1.4498222845720359,-138736.18942022932,0.0
-3.7797631411234827,0.8112456348222974,3.110916414546751,6.012629359481188,1.0074528767118893,-0.379754559560516,1.4498222845720359,-138736.18942022932,0.0
-3.7797631411234827,0.8112456348222974,3.110916414546751,6.012629359481188,1.0074528767118893,-0.379754559560516,1.4498222845720359,-138736.18942022932,0.0
-3.7797631411234827,0.8112456348222974,3.110916414546751,6.012629359481188,1.0074528767118893,-0.379754559560516,1.4498222845720359,-138736.18942022932,0.0
-3.7797631411234827,0.8112456348222974,3.110916414546751,6.012629359481188,1.0074528767118893,-0.379754559560516,1.4498222845720359,-138736.18942022932,0.0
-3.7797631411234827,0.8112456348222974,3.110916414546751,6.012629359481188,1.0074528767118893,-0.379754559560516,1.4498222845720359,-138736.18942022932,0.0
-3.7797631411234827,0.8112456348222974,3.110916414546751,6.012629359481188,1.0074528767118893,-0.379754559560516,1.4498222845720359,-138736.18942022932,0.0
-3.7797631411234827,0.8112456348222974,3.110916414546751,6.012629359481188,1.0074528767118893,-0.379754559560516,1.4498222845720359,-138736.18942022932,0.0
-3.7797631411234827,0.8112456348222974,3.110916414546751,6.012629359481188,1.0074528767118893,-0.379754559560516,1.4498222845720359,-138736.18942022932,0.0
-3.7797631411234827,0.8112456348222974,3.110916414546751,6.012629359481188,1.0074528767118893,-0.379754559560516,1.4498222845720359,-138736.18942022932,0.0
-3.7797631411234827,0.8112456348222974,3.110916414546751,6.012629359481188,1.0074528767118893,-0.379754559560516,1.4498222845720359,-138736.18942022932,0.0
-3.795829506079078,0.8424549017848775,3.1143772258635245,5.7977198909327665,0.9745065796173771,-0.3728949502854925,1.405303649940318,-138463.93905196848,1.0
-3.795829506079078,0.8424549017848775,3.1143772258635245,5.7977198909327665,0.9745065796173771,-0.3728949502854925,1.405303649940318,-138463.93905196848,0.0
-3.90090229821622,0.8397884700312472,3.112307953468376,5.795941183850611,0.9756260902459776,-0.3514149070388602,1.409405937834779,-138381.28268313437,1.0
-3.90090229821622,0.8397884700312472,3.112307953468376,5.795941183850611,0.9756260902459776,-0.3514149070388602,1.409405937834779,-138381.28268313437,0.0
-3.90090229821622,0.8397884700312472,3.112307953468376,5.795941183850611,0.9756260902459776,-0.3514149070388602,1.409405937834779,-138381.28268313437,0.0
-3.90090229821622,0.8397884700312472,3.112307953468376,5.795941183850611,0.9756260902459776,-0.3514149070388602,1.409405937834779,-138381.28268313437,0.0
-3.90090229821622,0.8397884700312472,3.112307953468376,5.795941183850611,0.9756260902459776,-0.3514149070388602,1.409405937834779,-138381.28268313437,0.0
-3.90090229821622,0.8397884700312472,3.112307953468376,5.795941183850611,0.9756260902459776,-0.3514149070388602,1.409405937834779,-138381.28268313437,0.0
-3.90090229821622,0.8397884700312472,3.112307953468376,5.795941183850611,0.9756260902459776,-0.3514149070388602,1.409405937834779,-138381.28268313437,0.0
-3.90090229821622,0.8397884700312472,3.112307953468376,5.795941183850611,0.9756260902459776,-0.3514149070388602,1.409405937834779,-138381.28268313437,0.0
-3.90090229821622,0.8397884700312472,3.112307953468376,5.795941183850611,0.9756260902459776,-0.3514149070388602,1.409405937834779,-138381.28268313437,0.0
-3.90090229821622,0.8397884700312472,3.112307953468376,5.795941183850611,0.9756260902459776,-0.3514149070388602,1.409405937834779,-138381.28268313437,0.0
-3.90090229821622,0.8397884700312472,3.112307953468376,5.795941183850611,0.9756260902459776,-0.3514149070388602,1.409405937834779,-138381.28268313437,0.0
-3.90090229821622,0.8397884700312472,3.112307953468376,5.795941183850611,0.9756260902459776,-0.3514149070388602,1.409405937834779,-138381.28268313437,0.0
-3.90090229821622,0.8397884700312472,3.112307953468376,5.795941183850611,0.9756260902459776,-0.3514149070388602,1.409405937834779,-138381.28268313437,0.0
-3.90090229821622,0.8397884700312472,3.112307953468376,5.795941183850611,0.9756260902459776,-0.3514149070388602,1.409405937834779,-138381.28268313437,0.0
-4.091062763822301,0.8206436700992982,3.1149292529822152,5.8136648478194095,0.9780413807537346,-0.37522944328204055,1.419836262987723,-138244.51432906708,1.0
-4.091062763822301,0.8206436700992982,3.1149292529822152,5.8136648478194095,0.9780413807537346,-0.37522944328204055,1.419836262987723,-138244.51432906708,0.0
-4.091062763822301,0.8206436700992982,3.1149292529822152,5.8136648478194095,0.9780413807537346,-0.37522944328204055,1.419836262987723,-138244.51432906708,0.0
-4.091062763822301,0.8206436700992982,3.1149292529822152,5.8136648478194095,0.9780413807537346,-0.37522944328204055,1.419836262987723,-138244.51432906708,0.0
-4.091062763822301,0.8206436700992982,3.1149292529822152,5.8136648478194095,0.9780413807537346,-0.37522944328204055,1.419836262987723,-138244.51432906708,0.0
-4.091062763822301,0.8206436700992982,3.1149292529822152,5.8136648478194095,0.9780413807537346,-0.37522944328204055,1.419836262987723,-138244.51432906708,0.0
-4.091062763822301,0.8206436700992982,3.1149292529822152,5.8136648478194095,0.9780413807537346,-0.37522944328204055,1.419836262987723,-138244.51432906708,0.0
-4.091062763822301,0.8206436700992982,3.1149292529822152,5.8136648478194095,0.9780413807537346,-0.37522944328204055,1.419836262987723,-138244.51432906708,0.0
-4.186079719682846,0.8294975318979395,3.121374733365193,6.03978195688408,1.0203141539122476,-0.4371472718456011,1.399612186372287,-138088.0417769995,1.0
-4.186079719682846,0.8294975318979395,3.121374733365193,6.03978195688408,1.0203141539122476,-0.4371472718456011,1.399612186372287,-138088.0417769995,0.0
-4.186079719682846,0.8294975318979395,3.121374733365193,6.03978195688408,1.0203141539122476,-0.4371472718456011,1.399612186372287,-138088.0417769995,0.0
-4.186079719682846,0.8294975318979395,3.121374733365193,6.03978195688408,1.0203141539122476,-0.4371472718456011,1.399612186372287,-138088.0417769995,0.0
-4.186079719682846,0.8294975318979395,3.121374733365193,6.03978195688408,1.0203141539122476,-0.4371472718456011,1.399612186372287,-138088.0417769995,0.0
-4.186079719682846,0.8294975318979395,3.121374733365193,6.03978195688408,1.0203141539122476,-0.4371472718456011,1.399612186372287,-138088.0417769995,0.0
-4.186079719682846,0.8294975318979395,3.121374733365193,6.03978195688408,1.0203141539122476,-0.4371472718456011,1.399612186372287,-138088.0417769995,0.0
-4.186079719682846,0.8294975318979395,3.121374733365193,6.03978195688408,1.0203141539122476,-0.4371472718456011,1.399612186372287,-138088.0417769995,0.0
-4.186079719682846,0.8294975318979395,3.121374733365193,6.03978195688408,1.0203141539122476,-0.4371472718456011,1.399612186372287,-138088.0417769995,0.0
-4.186079719682846,0.8294975318979395,3.121374733365193,6.03978195688408,1.0203141539122476,-0.4371472718456011,1.399612186372287,-138088.0417769995,0.0
-4.186079719682846,0.8294975318979395,3.121374733365193,6.03978195688408,1.0203141539122476,-0.4371472718456011,1.399612186372287,-138088.0417769995,0.0
-4.186079719682846,0.8294975318979395,3.121374733365193,6.03978195688408,1.0203141539122476,-0.4371472718456011,1.399612186372287,-138088.0417769995,0.0
-4.186079719682846,0.8294975318979395,3.121374733365193,6.03978195688408,1.0203141539122476,-0.4371472718456011,1.399612186372287,-138088.0417769995,0.0
-4.186079719682846,0.8294975318979395,3.121374733365193,6.03978195688408,1.0203141539122476,-0.4371472718456011,1.399612186372287,-138088.0417769995,0.0
-4.186079719682846,0.8294975318979395,3.121374733365193,6.03978195688408,1.0203141539122476,-0.4371472718456011,1.399612186372287,-138088.0417769995,0.0
-4.186079719682846,0.8294975318979395,3.121374733365193,6.03978195688408,1.0203141539122476,-0.4371472718456011,1.399612186372287,-138088.0417769995,0.0
-4.186079719682846,0.8294975318979395,3.121374733365193,6.03978195688408,1.0203141539122476,-0.4371472718456011,1.399612186372287,-138088.0417769995,0.0
-4.186079719682846,0.8294975318979395,3.121374733365193,6.03978195688408,1.0203141539122476,-0.4371472718456011,1.399612186372287,-138088.0417769995,0.0
-4.186079719682846,0.8294975318979395,3.121374733365193,6.03978195688408,1.0203141539122476,-0.4371472718456011,1.399612186372287,-138088.0417769995,0.0
-4.186079719682846,0.8294975318979395,3.121374733365193,6.03978195688408,1.0203141539122476,-0.4371472718456011,1.399612186372287,-138088.0417769995,0.0
-4.186079719682846,0.8294975318979395,3.121374733365193,6.03978195688408,1.0203141539122476,-0.4371472718456011,1.399612186372287,-138088.0417769995,0.0
-4.186079719682846,0.8294975318979395,3.121374733365193,6.03978195688408,1.0203141539122476,-0.4371472718456011,1.399612186372287,-138088.0417769995,0.0
-4.186079719682846,0.8294975318979395,3.121374733365193,6.03978195688408,1.0203141539122476,-0.4371472718456011,1.399612186372287,-138088.0417769995,0.0
-4.186079719682846,0.8294975318979395,3.121374733365193,6.03978195688408,1.0203141539122476,-0.4371472718456011,1.399612186372287,-138088.0417769995,0.0
-4.186079719682846,0.8294975318979395,3.121374733365193,6.03978195688408,1.0203141539122476,-0.4371472718456011,1.399612186372287,-138088.0417769995,0.0
-4.186079719682846,0.8294975318979395,3.121374733365193,6.03978195688408,1.0203141539122476,-0.4371472718456011,1.399612186372287,-138088.0417769995,0.0
-4.186079719682846,0.8294975318979395,3.121374733365193,6.03978195688408,1.0203141539122476,-0.4371472718456011,1.399612186372287,-138088.0417769995,0.0
-4.186079719682846,0.8294975318979395,3.121374733365193,6.03978195688408,1.0203141539122476,-0.4371472718456011,1.399612186372287,-138088.0417769995,0.0
-4.186079719682846,0.8294975318979395,3.121374733365193,6.03978195688408,1.0203141539122476,-0.4371472718456011,1.399612186372287,-138088.0417769995,0.0
-4.186079719682846,0.8294975318979395,3.121374733365193,6.03978195688408,1.0203141539122476,-0.4371472718456011,1.399612186372287,-138088.0417769995,0.0
-4.186079719682846,0.8294975318979395,3.121374733365193,6.03978195688408,1.0203141539122476,-0.4371472718456011,1.399612186372287,-138088.0417769995,0.0
-4.186079719682846,0.8294975318979395,3.121374733365193,6.03978195688408,1.0203141539122476,-0.4371472718456011,1.399612186372287,-138088.0417769995,0.0
-4.186079719682846,0.8294975318979395,3.121374733365193,6.03978195688408,1.0203141539122476,-0.4371472718456011,1.399612186372287,-138088.0417769995,0.0
-4.186079719682846,0.8294975318979395,3.121374733365193,6.03978195688408,1.0203141539122476,-0.4371472718456011,1.399612186372287,-138088.0417769995,0.0
-4.186079719682846,0.8294975318979395,3.121374733365193,6.03978195688408,1.0203141539122476,-0.4371472718456011,1.399612186372287,-138088.0417769995,0.0
-4.186079719682846,0.8294975318979395,3.121374733365193,6.03978195688408,1.0203141539122476,-0.4371472718456011,1.399612186372287,-138088.0417769995,0.0
-4.186079719682846,0.8294975318979395,3.121374733365193,6.03978195688408,1.0203141539122476,-0.4371472718456011,1.399612186372287,-138088.0417769995,0.0
-4.186079719682846,0.8294975318979395,3.121374733365193,6.03978195688408,1.0203141539122476,-0.4371472718456011,1.399612186372287,-138088.0417769995,0.0
-4.186079719682846,0.8294975318979395,3.121374733365193,6.03978195688408,1.0203141539122476,-0.4371472718456011,1.399612186372287,-138088.0417769995,0.0
-4.186079719682846,0.8294975318979395,3.121374733365193,6.03978195688408,1.0203141539122476,-0.4371472718456011,1.399612186372287,-138088.0417769995,0.0
-4.186079719682846,0.8294975318979395,3.121374733365193,6.03978195688408,1.0203141539122476,-0.4371472718456011,1.399612186372287,-138088.0417769995,0.0
-4.186079719682846,0.8294975318979395,3.121374733365193,6.03978195688408,1.0203141539122476,-0.4371472718456011,1.399612186372287,-138088.0417769995,0.0
-4.186079719682846,0.8294975318979395,3.121374733365193,6.03978195688408,1.0203141539122476,-0.4371472718456011,1.399612186372287,-138088.0417769995,0.0
-4.186079719682846,0.8294975318979395,3.121374733365193,6.03978195688408,1.0203141539122476,-0.4371472718456011,1.399612186372287,-138088.0417769995,0.0
-4.186079719682846,0.8294975318979395,3.121374733365193,6.03978195688408,1.0203141539122476,-0.4371472718456011,1.399612186372287,-138088.0417769995,0.0
-4.186079719682846,0.8294975318979395,3.121374733365193,6.03978195688408,1.0203141539122476,-0.4371472718456011,1.399612186372287,-138088.0417769995,0.0
-4.186079719682846,0.8294975318979395,3.121374733365193,6.03978195688408,1.0203141539122476,-0.4371472718456011,1.399612186372287,-138088.0417769995,0.0
-4.186079719682846,0.8294975318979395,3.121374733365193,6.03978195688408,1.0203141539122476,-0.4371472718456011,1.399612186372287,-138088.0417769995,0.0
-4.186079719682846,0.8294975318979395,3.121374733365193,6.03978195688408,1.0203141539122476,-0.4371472718456011,1.399612186372287,-138088.0417769995,0.0
-4.186079719682846,0.8294975318979395,3.121374733365193,6.03978195688408,1.0203141539122476,-0.4371472718456011,1.399612186372287,-138088.0417769995,0.0
-4.186079719682846,0.8294975318979395,3.121374733365193,6.03978195688408,1.0203141539122476,-0.4371472718456011,1.399612186372287,-138088.0417769995,0.0
-4.186079719682846,0.8294975318979395,3.121374733365193,6.03978195688408,1.0203141539122476,-0.4371472718456011,1.399612186372287,-138088.0417769995,0.0
-4.186079719682846,0.8294975318979395,3.121374733365193,6.03978195688408,1.0203141539122476,-0.4371472718456011,1.399612186372287,-138088.0417769995,0.0
-4.186079719682846,0.8294975318979395,3.121374733365193,6.03978195688408,1.0203141539122476,-0.4371472718456011,1.399612186372287,-138088.0417769995,0.0
-4.186079719682846,0.8294975318979395,3.121374733365193,6.03978195688408,1.0203141539122476,-0.4371472718456011,1.399612186372287,-138088.0417769995,0.0
-4.186079719682846,0.8294975318979395,3.121374733365193,6.03978195688408,1.0203141539122476,-0.4371472718456011,1.399612186372287,-138088.0417769995,0.0
-4.186079719682846,0.8294975318979395,3.121374733365193,6.03978195688408,1.0203141539122476,-0.4371472718456011,1.399612186372287,-138088.0417769995,0.0
-4.186079719682846,0.8294975318979395,3.121374733365193,6.03978195688408,1.0203141539122476,-0.4371472718456011,1.399612186372287,-138088.0417769995,0.0
-4.186079719682846,0.8294975318979395,3.121374733365193,6.03978195688408,1.0203141539122476,-0.4371472718456011,1.399612186372287,-138088.0417769995,0.0
-4.186079719682846,0.8294975318979395,3.121374733365193,6.03978195688408,1.0203141539122476,-0.4371472718456011,1.399612186372287,-138088.0417769995,0.0
-4.186079719682846,0.8294975318979395,3.121374733365193,6.03978195688408,1.0203141539122476,-0.4371472718456011,1.399612186372287,-138088.0417769995,0.0
-4.186079719682846,0.8294975318979395,3.121374733365193,6.03978195688408,1.0203141539122476,-0.4371472718456011,1.399612186372287,-138088.0417769995,0.0
-4.186079719682846,0.8294975318979395,3.121374733365193,6.03978195688408,1.0203141539122476,-0.4371472718456011,1.399612186372287,-138088.0417769995,0.0
-4.186079719682846,0.8294975318979395,3.121374733365193,6.03978195688408,1.0203141539122476,-0.4371472718456011,1.399612186372287,-138088.0417769995,0.0
-4.186079719682846,0.8294975318979395,3.121374733365193,6.03978195688408,1.0203141539122476,-0.4371472718456011,1.399612186372287,-138088.0417769995,0.0
-4.186079719682846,0.8294975318979395,3.121374733365193,6.03978195688408,1.0203141539122476,-0.4371472718456011,1.399612186372287,-138088.0417769995,0.0
-4.186079719682846,0.8294975318979395,3.121374733365193,6.03978195688408,1.0203141539122476,-0.4371472718456011,1.399612186372287,-138088.0417769995,0.0
-4.186079719682846,0.8294975318979395,3.121374733365193,6.03978195688408,1.0203141539122476,-0.4371472718456011,1.399612186372287,-138088.0417769995,0.0
-4.186079719682846,0.8294975318979395,3.121374733365193,6.03978195688408,1.0203141539122476,-0.4371472718456011,1.399612186372287,-138088.0417769995,0.0
-4.186079719682846,0.8294975318979395,3.121374733365193,6.03978195688408,1.0203141539122476,-0.4371472718456011,1.399612186372287,-138088.0417769995,0.0
-4.186079719682846,0.8294975318979395,3.121374733365193,6.03978195688408,1.0203141539122476,-0.4371472718456011,1.399612186372287,-138088.0417769995,0.0
-4.186079719682846,0.8294975318979395,3.121374733365193,6.03978195688408,1.0203141539122476,-0.4371472718456011,1.399612186372287,-138088.0417769995,0.0
-4.186079719682846,0.8294975318979395,3.121374733365193,6.03978195688408,1.0203141539122476,-0.4371472718456011,1.399612186372287,-138088.0417769995,0.0
-4.186079719682846,0.8294975318979395,3.121374733365193,6.03978195688408,1.0203141539122476,-0.4371472718456011,1.399612186372287,-138088.0417769995,0.0
-4.186079719682846,0.8294975318979395,3.121374733365193,6.03978195688408,1.0203141539122476,-0.4371472718456011,1.399612186372287,-138088.0417769995,0.0
-4.186079719682846,0.8294975318979395,3.121374733365193,6.03978195688408,1.0203141539122476,-0.4371472718456011,1.399612186372287,-138088.0417769995,0.0
-4.186079719682846,0.8294975318979395,3.121374733365193,6.03978195688408,1.0203141539122476,-0.4371472718456011,1.399612186372287,-138088.0417769995,0.0
-4.186079719682846,0.8294975318979395,3.121374733365193,6.03978195688408,1.0203141539122476,-0.4371472718456011,1.399612186372287,-138088.0417769995,0.0
-4.186079719682846,0.8294975318979395,3.121374733365193,6.03978195688408,1.0203141539122476,-0.4371472718456011,1.399612186372287,-138088.0417769995,0.0
-4.186079719682846,0.8294975318979395,3.121374733365193,6.03978195688408,1.0203141539122476,-0.4371472718456011,1.399612186372287,-138088.0417769995,0.0
-4.186079719682846,0.8294975318979395,3.121374733365193,6.03978195688408,1.0203141539122476,-0.4371472718456011,1.399612186372287,-138088.0417769995,0.0
-4.186079719682846,0.8294975318979395,3.121374733365193,6.03978195688408,1.0203141539122476,-0.4371472718456011,1.399612186372287,-138088.0417769995,0.0
-4.186079719682846,0.8294975318979395,3.121374733365193,6.03978195688408,1.0203141539122476,-0.4371472718456011,1.399612186372287,-138088.0417769995,0.0
-4.123358457686663,0.8379227508861546,3.1226958672434235,6.098999882113479,1.029971853092773,-0.451022100907863,1.3649214936660998,-137952.44345964302,1.0
-4.111780017763708,0.8452133083548057,3.123464254649674,6.081878732653922,1.0247085021613835,-0.4584818346710039,1.3133982984782109,-137783.0604603733,1.0
-4.111780017763708,0.8452133083548057,3.123464254649674,6.081878732653922,1.0247085021613835,-0.4584818346710039,1.3133982984782109,-137783.0604603733,0.0
-4.111780017763708,0.8452133083548057,3.123464254649674,6.081878732653922,1.0247085021613835,-0.4584818346710039,1.3133982984782109,-137783.0604603733,0.0
-4.111780017763708,0.8452133083548057,3.123464254649674,6.081878732653922,1.0247085021613835,-0.4584818346710039,1.3133982984782109,-137783.0604603733,0.0
-4.319509635044775,0.8644970762516194,3.123417379404881,6.155556765604719,1.037391741127965,-0.466645094570421,1.2534960118855545,-137629.75089271576,1.0
-4.319509635044775,0.8644970762516194,3.123417379404881,6.155556765604719,1.037391741127965,-0.466645094570421,1.2534960118855545,-137629.75089271576,0.0
-4.319509635044775,0.8644970762516194,3.123417379404881,6.155556765604719,1.037391741127965,-0.466645094570421,1.2534960118855545,-137629.75089271576,0.0
-4.319509635044775,0.8644970762516194,3.123417379404881,6.155556765604719,1.037391741127965,-0.466645094570421,1.2534960118855545,-137629.75089271576,0.0
-4.319509635044775,0.8644970762516194,3.123417379404881,6.155556765604719,1.037391741127965,-0.466645094570421,1.2534960118855545,-137629.75089271576,0.0
-4.319509635044775,0.8644970762516194,3.123417379404881,6.155556765604719,1.037391741127965,-0.466645094570421,1.2534960118855545,-137629.75089271576,0.0
-4.319509635044775,0.8644970762516194,3.123417379404881,6.155556765604719,1.037391741127965,-0.466645094570421,1.2534960118855545,-137629.75089271576,0.0
-4.319509635044775,0.8644970762516194,3.123417379404881,6.155556765604719,1.037391741127965,-0.466645094570421,1.2534960118855545,-137629.75089271576,0.0
-4.319509635044775,0.8644970762516194,3.123417379404881,6.155556765604719,1.037391741127965,-0.466645094570421,1.2534960118855545,-137629.75089271576,0.0
-4.319509635044775,0.8644970762516194,3.123417379404881,6.155556765604719,1.037391741127965,-0.466645094570421,1.2534960118855545,-137629.75089271576,0.0
-4.319509635044775,0.8644970762516194,3.123417379404881,6.155556765604719,1.037391741127965,-0.466645094570421,1.2534960118855545,-137629.75089271576,0.0
-4.319509635044775,0.8644970762516194,3.123417379404881,6.155556765604719,1.037391741127965,-0.466645094570421,1.2534960118855545,-137629.75089271576,0.0
-4.319509635044775,0.8644970762516194,3.123417379404881,6.155556765604719,1.037391741127965,-0.466645094570421,1.2534960118855545,-137629.75089271576,0.0
-4.319509635044775,0.8644970762516194,3.123417379404881,6.155556765604719,1.037391741127965,-0.466645094570421,1.2534960118855545,-137629.75089271576,0.0
-4.319509635044775,0.8644970762516194,3.123417379404881,6.155556765604719,1.037391741127965,-0.466645094570421,1.2534960118855545,-137629.75089271576,0.0
-4.319509635044775,0.8644970762516194,3.123417379404881,6.155556765604719,1.037391741127965,-0.466645094570421,1.2534960118855545,-137629.75089271576,0.0
-4.26929285043166,0.8765421244334857,3.1229330406805107,6.238724098603088,1.0498355491437528,-0.506312208074208,1.2093905574238977,-137565.72429260553,1.0
-4.26929285043166,0.8765421244334857,3.1229330406805107,6.238724098603088,1.0498355491437528,-0.506312208074208,1.2093905574238977,-137565.72429260553,0.0
-4.26929285043166,0.8765421244334857,3.1229330406805107,6.238724098603088,1.0498355491437528,-0.506312208074208,1.2093905574238977,-137565.72429260553,0.0
-4.26929285043166,0.8765421244334857,3.1229330406805107,6.238724098603088,1.0498355491437528,-0.506312208074208,1.2093905574238977,-137565.72429260553,0.0
-4.26929285043166,0.8765421244334857,3.1229330406805107,6.238724098603088,1.0498355491437528,-0.506312208074208,1.2093905574238977,-137565.72429260553,0.0
-4.26929285043166,0.8765421244334857,3.1229330406805107,6.238724098603088,1.0498355491437528,-0.506312208074208,1.2093905574238977,-137565.72429260553,0.0
-4.26929285043166,0.8765421244334857,3.1229330406805107,6.238724098603088,1.0498355491437528,-0.506312208074208,1.2093905574238977,-137565.72429260553,0.0
-4.26929285043166,0.8765421244334857,3.1229330406805107,6.238724098603088,1.0498355491437528,-0.506312208074208,1.2093905574238977,-137565.72429260553,0.0
-4.26929285043166,0.8765421244334857,3.1229330406805107,6.238724098603088,1.0498355491437528,-0.506312208074208,1.2093905574238977,-137565.72429260553,0.0
-4.26929285043166,0.8765421244334857,3.1229330406805107,6.238724098603088,1.0498355491437528,-0.506312208074208,1.2093905574238977,-137565.72429260553,0.0
-4.26929285043166,0.8765421244334857,3.1229330406805107,6.238724098603088,1.0498355491437528,-0.506312208074208,1.2093905574238977,-137565.72429260553,0.0
-4.26929285043166,0.8765421244334857,3.1229330406805107,6.238724098603088,1.0498355491437528,-0.506312208074208,1.2093905574238977,-137565.72429260553,0.0
-4.26929285043166,0.8765421244334857,3.1229330406805107,6.238724098603088,1.0498355491437528,-0.506312208074208,1.2093905574238977,-137565.72429260553,0.0
-4.26929285043166,0.8765421244334857,3.1229330406805107,6.238724098603088,1.0498355491437528,-0.506312208074208,1.2093905574238977,-137565.72429260553,0.0
-4.26929285043166,0.8765421244334857,3.1229330406805107,6.238724098603088,1.0498355491437528,-0.506312208074208,1.2093905574238977,-137565.72429260553,0.0
-4.26929285043166,0.8765421244334857,3.1229330406805107,6.238724098603088,1.0498355491437528,-0.506312208074208,1.2093905574238977,-137565.72429260553,0.0
-4.26929285043166,0.8765421244334857,3.1229330406805107,6.238724098603088,1.0498355491437528,-0.506312208074208,1.2093905574238977,-137565.72429260553,0.0
-4.26929285043166,0.8765421244334857,3.1229330406805107,6.238724098603088,1.0498355491437528,-0.506312208074208,1.2093905574238977,-137565.72429260553,0.0
-4.26929285043166,0.8765421244334857,3.1229330406805107,6.238724098603088,1.0498355491437528,-0.506312208074208,1.2093905574238977,-137565.72429260553,0.0
-4.26929285043166,0.8765421244334857,3.1229330406805107,6.238724098603088,1.0498355491437528,-0.506312208074208,1.2093905574238977,-137565.72429260553,0.0
-4.26929285043166,0.8765421244334857,3.1229330406805107,6.238724098603088,1.0498355491437528,-0.506312208074208,1.2093905574238977,-137565.72429260553,0.0
-4.26929285043166,0.8765421244334857,3.1229330406805107,6.238724098603088,1.0498355491437528,-0.506312208074208,1.2093905574238977,-137565.72429260553,0.0
-4.26929285043166,0.8765421244334857,3.1229330406805107,6.238724098603088,1.0498355491437528,-0.506312208074208,1.2093905574238977,-137565.72429260553,0.0
-4.26929285043166,0.8765421244334857,3.1229330406805107,6.238724098603088,1.0498355491437528,-0.506312208074208,1.2093905574238977,-137565.72429260553,0.0
-4.26929285043166,0.8765421244334857,3.1229330406805107,6.238724098603088,1.0498355491437528,-0.506312208074208,1.2093905574238977,-137565.72429260553,0.0
-4.26929285043166,0.8765421244334857,3.1229330406805107,6.238724098603088,1.0498355491437528,-0.506312208074208,1.2093905574238977,-137565.72429260553,0.0
-4.26929285043166,0.8765421244334857,3.1229330406805107,6.238724098603088,1.0498355491437528,-0.506312208074208,1.2093905574238977,-137565.72429260553,0.0
-4.26929285043166,0.8765421244334857,3.1229330406805107,6.238724098603088,1.0498355491437528,-0.506312208074208,1.2093905574238977,-137565.72429260553,0.0
-4.26929285043166,0.8765421244334857,3.1229330406805107,6.238724098603088,1.0498355491437528,-0.506312208074208,1.2093905574238977,-137565.72429260553,0.0
-4.26929285043166,0.8765421244334857,3.1229330406805107,6.238724098603088,1.0498355491437528,-0.506312208074208,1.2093905574238977,-137565.72429260553,0.0
-4.26929285043166,0.8765421244334857,3.1229330406805107,6.238724098603088,1.0498355491437528,-0.506312208074208,1.2093905574238977,-137565.72429260553,0.0
-4.26929285043166,0.8765421244334857,3.1229330406805107,6.238724098603088,1.0498355491437528,-0.506312208074208,1.2093905574238977,-137565.72429260553,0.0
-4.26929285043166,0.8765421244334857,3.1229330406805107,6.238724098603088,1.0498355491437528,-0.506312208074208,1.2093905574238977,-137565.72429260553,0.0
-4.26929285043166,0.8765421244334857,3.1229330406805107,6.238724098603088,1.0498355491437528,-0.506312208074208,1.2093905574238977,-137565.72429260553,0.0
-4.26929285043166,0.8765421244334857,3.1229330406805107,6.238724098603088,1.0498355491437528,-0.506312208074208,1.2093905574238977,-137565.72429260553,0.0
-4.26929285043166,0.8765421244334857,3.1229330406805107,6.238724098603088,1.0498355491437528,-0.506312208074208,1.2093905574238977,-137565.72429260553,0.0
-4.26929285043166,0.8765421244334857,3.1229330406805107,6.238724098603088,1.0498355491437528,-0.506312208074208,1.2093905574238977,-137565.72429260553,0.0
-4.26929285043166,0.8765421244334857,3.1229330406805107,6.238724098603088,1.0498355491437528,-0.506312208074208,1.2093905574238977,-137565.72429260553,0.0
-4.26929285043166,0.8765421244334857,3.1229330406805107,6.238724098603088,1.0498355491437528,-0.506312208074208,1.2093905574238977,-137565.72429260553,0.0
-4.26929285043166,0.8765421244334857,3.1229330406805107,6.238724098603088,1.0498355491437528,-0.506312208074208,1.2093905574238977,-137565.72429260553,0.0
-4.26929285043166,0.8765421244334857,3.1229330406805107,6.238724098603088,1.0498355491437528,-0.506312208074208,1.2093905574238977,-137565.72429260553,0.0
-4.26929285043166,0.8765421244334857,3.1229330406805107,6.238724098603088,1.0498355491437528,-0.506312208074208,1.2093905574238977,-137565.72429260553,0.0
-4.26929285043166,0.8765421244334857,3.1229330406805107,6.238724098603088,1.0498355491437528,-0.506312208074208,1.2093905574238977,-137565.72429260553,0.0
-4.26929285043166,0.8765421244334857,3.1229330406805107,6.238724098603088,1.0498355491437528,-0.506312208074208,1.2093905574238977,-137565.72429260553,0.0
-4.26929285043166,0.8765421244334857,3.1229330406805107,6.238724098603088,1.0498355491437528,-0.506312208074208,1.2093905574238977,-137565.72429260553,0.0
-4.26929285043166,0.8765421244334857,3.1229330406805107,6.238724098603088,1.0498355491437528,-0.506312208074208,1.2093905574238977,-137565.72429260553,0.0
-4.26929285043166,0.8765421244334857,3.1229330406805107,6.238724098603088,1.0498355491437528,-0.506312208074208,1.2093905574238977,-137565.72429260553,0.0
-4.26929285043166,0.8765421244334857,3.1229330406805107,6.238724098603088,1.0498355491437528,-0.506312208074208,1.2093905574238977,-137565.72429260553,0.0
-4.26929285043166,0.8765421244334857,3.1229330406805107,6.238724098603088,1.0498355491437528,-0.506312208074208,1.2093905574238977,-137565.72429260553,0.0
-4.26929285043166,0.8765421244334857,3.1229330406805107,6.238724098603088,1.0498355491437528,-0.506312208074208,1.2093905574238977,-137565.72429260553,0.0
-4.26929285043166,0.8765421244334857,3.1229330406805107,6.238724098603088,1.0498355491437528,-0.506312208074208,1.2093905574238977,-137565.72429260553,0.0
-4.26929285043166,0.8765421244334857,3.1229330406805107,6.238724098603088,1.0498355491437528,-0.506312208074208,1.2093905574238977,-137565.72429260553,0.0
-4.26929285043166,0.8765421244334857,3.1229330406805107,6.238724098603088,1.0498355491437528,-0.506312208074208,1.2093905574238977,-137565.72429260553,0.0
-4.26929285043166,0.8765421244334857,3.1229330406805107,6.238724098603088,1.0498355491437528,-0.506312208074208,1.2093905574238977,-137565.72429260553,0.0
-4.26929285043166,0.8765421244334857,3.1229330406805107,6.238724098603088,1.0498355491437528,-0.506312208074208,1.2093905574238977,-137565.72429260553,0.0
-4.26929285043166,0.8765421244334857,3.1229330406805107,6.238724098603088,1.0498355491437528,-0.506312208074208,1.2093905574238977,-137565.72429260553,0.0
-4.26929285043166,0.8765421244334857,3.1229330406805107,6.238724098603088,1.0498355491437528,-0.506312208074208,1.2093905574238977,-137565.72429260553,0.0
-4.26929285043166,0.8765421244334857,3.1229330406805107,6.238724098603088,1.0498355491437528,-0.506312208074208,1.2093905574238977,-137565.72429260553,0.0
-4.26929285043166,0.8765421244334857,3.1229330406805107,6.238724098603088,1.0498355491437528,-0.506312208074208,1.2093905574238977,-137565.72429260553,0.0
-4.26929285043166,0.8765421244334857,3.1229330406805107,6.238724098603088,1.0498355491437528,-0.506312208074208,1.2093905574238977,-137565.72429260553,0.0
-4.26929285043166,0.8765421244334857,3.1229330406805107,6.238724098603088,1.0498355491437528,-0.506312208074208,1.2093905574238977,-137565.72429260553,0.0
-4.26929285043166,0.8765421244334857,3.1229330406805107,6.238724098603088,1.0498355491437528,-0.506312208074208,1.2093905574238977,-137565.72429260553,0.0
-4.26929285043166,0.8765421244334857,3.1229330406805107,6.238724098603088,1.0498355491437528,-0.506312208074208,1.2093905574238977,-137565.72429260553,0.0
-4.26929285043166,0.8765421244334857,3.1229330406805107,6.238724098603088,1.0498355491437528,-0.506312208074208,1.2093905574238977,-137565.72429260553,0.0
-4.26929285043166,0.8765421244334857,3.1229330406805107,6.238724098603088,1.0498355491437528,-0.506312208074208,1.2093905574238977,-137565.72429260553,0.0
-4.26929285043166,0.8765421244334857,3.1229330406805107,6.238724098603088,1.0498355491437528,-0.506312208074208,1.2093905574238977,-137565.72429260553,0.0
-4.26929285043166,0.8765421244334857,3.1229330406805107,6.238724098603088,1.0498355491437528,-0.506312208074208,1.2093905574238977,-137565.72429260553,0.0
-4.26929285043166,0.8765421244334857,3.1229330406805107,6.238724098603088,1.0498355491437528,-0.506312208074208,1.2093905574238977,-137565.72429260553,0.0
-4.26929285043166,0.8765421244334857,3.1229330406805107,6.238724098603088,1.0498355491437528,-0.506312208074208,1.2093905574238977,-137565.72429260553,0.0
-4.26929285043166,0.8765421244334857,3.1229330406805107,6.238724098603088,1.0498355491437528,-0.506312208074208,1.2093905574238977,-137565.72429260553,0.0
-4.26929285043166,0.8765421244334857,3.1229330406805107,6.238724098603088,1.0498355491437528,-0.506312208074208,1.2093905574238977,-137565.72429260553,0.0
-4.26929285043166,0.8765421244334857,3.1229330406805107,6.238724098603088,1.0498355491437528,-0.506312208074208,1.2093905574238977,-137565.72429260553,0.0
-4.26929285043166,0.8765421244334857,3.1229330406805107,6.238724098603088,1.0498355491437528,-0.506312208074208,1.2093905574238977,-137565.72429260553,0.0
-4.26929285043166,0.8765421244334857,3.1229330406805107,6.238724098603088,1.0498355491437528,-0.506312208074208,1.2093905574238977,-137565.72429260553,0.0
-4.26929285043166,0.8765421244334857,3.1229330406805107,6.238724098603088,1.0498355491437528,-0.506312208074208,1.2093905574238977,-137565.72429260553,0.0
-4.26929285043166,0.8765421244334857,3.1229330406805107,6.238724098603088,1.0498355491437528,-0.506312208074208,1.2093905574238977,-137565.72429260553,0.0
-4.26929285043166,0.8765421244334857,3.1229330406805107,6.238724098603088,1.0498355491437528,-0.506312208074208,1.2093905574238977,-137565.72429260553,0.0
-4.26929285043166,0.8765421244334857,3.1229330406805107,6.238724098603088,1.0498355491437528,-0.506312208074208,1.2093905574238977,-137565.72429260553,0.0
-4.26929285043166,0.8765421244334857,3.1229330406805107,6.238724098603088,1.0498355491437528,-0.506312208074208,1.2093905574238977,-137565.72429260553,0.0
-4.26929285043166,0.8765421244334857,3.1229330406805107,6.238724098603088,1.0498355491437528,-0.506312208074208,1.2093905574238977,-137565.72429260553,0.0
-4.26929285043166,0.8765421244334857,3.1229330406805107,6.238724098603088,1.0498355491437528,-0.506312208074208,1.2093905574238977,-137565.72429260553,0.0
-4.26929285043166,0.8765421244334857,3.1229330406805107,6.238724098603088,1.0498355491437528,-0.506312208074208,1.2093905574238977,-137565.72429260553,0.0
-4.26929285043166,0.8765421244334857,3.1229330406805107,6.238724098603088,1.0498355491437528,-0.506312208074208,1.2093905574238977,-137565.72429260553,0.0
-4.26929285043166,0.8765421244334857,3.1229330406805107,6.238724098603088,1.0498355491437528,-0.506312208074208,1.2093905574238977,-137565.72429260553,0.0
-4.26929285043166,0.8765421244334857,3.1229330406805107,6.238724098603088,1.0498355491437528,-0.506312208074208,1.2093905574238977,-137565.72429260553,0.0
-4.26929285043166,0.8765421244334857,3.1229330406805107,6.238724098603088,1.0498355491437528,-0.506312208074208,1.2093905574238977,-137565.72429260553,0.0
-4.26929285043166,0.8765421244334857,3.1229330406805107,6.238724098603088,1.0498355491437528,-0.506312208074208,1.2093905574238977,-137565.72429260553,0.0
-4.26929285043166,0.8765421244334857,3.1229330406805107,6.238724098603088,1.0498355491437528,-0.506312208074208,1.2093905574238977,-137565.72429260553,0.0
-4.26929285043166,0.8765421244334857,3.1229330406805107,6.238724098603088,1.0498355491437528,-0.506312208074208,1.2093905574238977,-137565.72429260553,0.0
-4.26929285043166,0.8765421244334857,3.1229330406805107,6.238724098603088,1.0498355491437528,-0.506312208074208,1.2093905574238977,-137565.72429260553,0.0
